layer,neuron,input_a,input_b,gate_id,gate_name
1,0,24,80,9,not_xor
1,1,11,14,5,b
1,2,30,73,1,and
1,3,39,66,5,b
1,4,47,72,9,not_xor
1,5,17,61,12,not_a
1,6,13,74,8,not_or
1,7,45,59,13,implies
1,8,11,28,13,implies
1,9,5,65,14,not_and
1,10,13,39,4,not_implied_by
1,11,23,77,10,not_b
1,12,54,67,10,not_b
1,13,53,67,13,implies
1,14,3,65,4,not_implied_by
1,15,0,31,10,not_b
1,16,30,42,6,xor
1,17,58,65,15,one
1,18,27,79,1,and
1,19,61,69,0,zero
1,20,29,48,8,not_or
1,21,11,56,5,b
1,22,38,85,3,a
1,23,10,11,6,xor
1,24,55,56,14,not_and
1,25,14,68,2,not_implies
1,26,7,40,14,not_and
1,27,39,50,13,implies
1,28,24,41,6,xor
1,29,16,53,3,a
1,30,12,76,2,not_implies
1,31,45,58,10,not_b
1,32,48,75,6,xor
1,33,38,71,3,a
1,34,32,64,13,implies
1,35,17,74,11,implied_by
1,36,4,82,1,and
1,37,76,79,8,not_or
1,38,44,75,5,b
1,39,58,62,8,not_or
1,40,39,79,8,not_or
1,41,4,61,4,not_implied_by
1,42,80,81,6,xor
1,43,51,69,0,zero
1,44,49,66,7,or
1,45,37,84,10,not_b
1,46,46,81,11,implied_by
1,47,7,8,5,b
1,48,22,29,2,not_implies
1,49,5,79,7,or
1,50,68,78,14,not_and
1,51,5,75,2,not_implies
1,52,35,49,15,one
1,53,36,81,7,or
1,54,64,69,4,not_implied_by
1,55,4,85,4,not_implied_by
1,56,2,55,7,or
1,57,30,59,4,not_implied_by
1,58,33,63,12,not_a
1,59,46,82,8,not_or
1,60,1,17,5,b
1,61,7,54,5,b
1,62,42,61,2,not_implies
1,63,44,89,4,not_implied_by
1,64,20,67,4,not_implied_by
1,65,31,49,7,or
1,66,10,46,11,implied_by
1,67,35,73,3,a
1,68,1,72,0,zero
1,69,11,42,5,b
1,70,17,73,11,implied_by
1,71,41,46,13,implies
1,72,40,62,13,implies
1,73,3,25,1,and
1,74,27,86,15,one
1,75,52,89,11,implied_by
1,76,28,81,14,not_and
1,77,4,72,15,one
1,78,24,59,9,not_xor
1,79,46,54,8,not_or
1,80,21,78,6,xor
1,81,21,89,0,zero
1,82,46,86,4,not_implied_by
1,83,51,78,15,one
1,84,5,41,12,not_a
1,85,17,67,5,b
1,86,35,80,14,not_and
1,87,0,47,6,xor
1,88,7,81,6,xor
1,89,8,84,11,implied_by
1,90,13,63,15,one
1,91,4,81,3,a
1,92,59,88,0,zero
1,93,10,88,3,a
1,94,12,25,10,not_b
1,95,68,73,6,xor
1,96,1,8,2,not_implies
1,97,40,54,0,zero
1,98,6,83,0,zero
1,99,64,66,12,not_a
1,100,11,89,8,not_or
1,101,20,44,9,not_xor
1,102,74,86,9,not_xor
1,103,11,86,9,not_xor
1,104,55,70,6,xor
1,105,2,26,13,implies
1,106,56,80,8,not_or
1,107,29,34,5,b
1,108,11,35,3,a
1,109,27,69,0,zero
1,110,55,75,1,and
1,111,65,70,14,not_and
1,112,35,88,1,and
1,113,4,73,1,and
1,114,43,48,2,not_implies
1,115,36,78,6,xor
1,116,28,76,5,b
1,117,47,66,11,implied_by
1,118,10,17,6,xor
1,119,83,86,6,xor
1,120,21,86,11,implied_by
1,121,63,75,12,not_a
1,122,23,81,6,xor
1,123,35,71,2,not_implies
1,124,23,41,6,xor
1,125,9,16,11,implied_by
1,126,66,86,9,not_xor
1,127,48,65,13,implies
1,128,26,73,2,not_implies
1,129,10,60,10,not_b
1,130,1,51,11,implied_by
1,131,51,58,0,zero
1,132,76,84,3,a
1,133,11,75,5,b
1,134,38,62,0,zero
1,135,33,89,5,b
1,136,31,50,6,xor
1,137,21,33,6,xor
1,138,6,84,10,not_b
1,139,34,80,8,not_or
1,140,12,83,5,b
1,141,16,69,10,not_b
1,142,28,75,3,a
1,143,59,87,8,not_or
1,144,23,79,9,not_xor
1,145,33,74,14,not_and
1,146,33,73,1,and
1,147,1,30,4,not_implied_by
1,148,9,57,5,b
1,149,74,80,9,not_xor
1,150,10,65,1,and
1,151,35,58,6,xor
1,152,14,23,13,implies
1,153,5,50,9,not_xor
1,154,5,7,10,not_b
1,155,87,89,14,not_and
1,156,6,68,5,b
1,157,2,56,8,not_or
1,158,15,73,10,not_b
1,159,44,45,13,implies
1,160,4,70,1,and
1,161,41,67,9,not_xor
1,162,7,59,2,not_implies
1,163,80,86,4,not_implied_by
1,164,27,71,2,not_implies
1,165,11,57,4,not_implied_by
1,166,70,71,11,implied_by
1,167,22,31,7,or
1,168,38,70,3,a
1,169,37,50,7,or
1,170,6,38,8,not_or
1,171,7,27,9,not_xor
1,172,29,85,15,one
1,173,10,84,0,zero
1,174,58,74,15,one
1,175,53,61,8,not_or
1,176,10,74,6,xor
1,177,31,62,11,implied_by
1,178,66,80,2,not_implies
1,179,44,76,9,not_xor
1,180,57,70,5,b
1,181,33,68,4,not_implied_by
1,182,50,55,15,one
1,183,71,88,11,implied_by
1,184,6,88,12,not_a
1,185,39,61,3,a
1,186,1,67,11,implied_by
1,187,37,47,15,one
1,188,5,34,9,not_xor
1,189,30,82,15,one
1,190,34,36,7,or
1,191,12,77,12,not_a
1,192,38,83,6,xor
1,193,11,58,13,implies
1,194,0,34,7,or
1,195,25,78,4,not_implied_by
1,196,1,81,0,zero
1,197,30,60,13,implies
1,198,55,60,15,one
1,199,15,87,3,a
1,200,42,89,4,not_implied_by
1,201,37,63,12,not_a
1,202,21,72,15,one
1,203,48,76,15,one
1,204,2,76,12,not_a
1,205,64,65,6,xor
1,206,40,60,10,not_b
1,207,20,55,6,xor
1,208,26,37,2,not_implies
1,209,2,18,9,not_xor
1,210,26,44,4,not_implied_by
1,211,56,66,1,and
1,212,20,37,7,or
1,213,9,73,0,zero
1,214,37,57,8,not_or
1,215,50,76,0,zero
1,216,64,70,10,not_b
1,217,16,33,3,a
1,218,37,82,13,implies
1,219,44,48,2,not_implies
1,220,5,32,9,not_xor
1,221,7,74,12,not_a
1,222,8,83,5,b
1,223,7,13,11,implied_by
1,224,14,24,7,or
1,225,29,75,4,not_implied_by
1,226,6,79,0,zero
1,227,13,80,3,a
1,228,71,76,10,not_b
1,229,18,23,7,or
1,230,62,68,10,not_b
1,231,53,65,3,a
1,232,76,77,1,and
1,233,56,81,15,one
1,234,69,71,12,not_a
1,235,51,79,13,implies
1,236,20,59,4,not_implied_by
1,237,33,81,14,not_and
1,238,41,69,7,or
1,239,20,50,7,or
1,240,27,88,3,a
1,241,43,55,8,not_or
1,242,19,77,6,xor
1,243,13,84,2,not_implies
1,244,61,84,14,not_and
1,245,38,61,11,implied_by
1,246,41,42,12,not_a
1,247,17,45,4,not_implied_by
1,248,64,81,6,xor
1,249,72,76,9,not_xor
1,250,31,51,8,not_or
1,251,53,75,2,not_implies
1,252,23,52,8,not_or
1,253,12,84,8,not_or
1,254,35,68,6,xor
1,255,42,60,6,xor
1,256,21,88,12,not_a
1,257,65,80,10,not_b
1,258,62,77,6,xor
1,259,14,43,8,not_or
1,260,4,12,8,not_or
1,261,69,81,15,one
1,262,77,85,5,b
1,263,44,56,3,a
1,264,18,79,14,not_and
1,265,63,88,6,xor
1,266,59,76,11,implied_by
1,267,16,68,5,b
1,268,16,34,4,not_implied_by
1,269,14,17,4,not_implied_by
1,270,3,61,0,zero
1,271,24,61,7,or
1,272,10,38,0,zero
1,273,51,59,2,not_implies
1,274,23,43,6,xor
1,275,16,39,14,not_and
1,276,61,77,1,and
1,277,60,77,15,one
1,278,13,82,10,not_b
1,279,50,85,9,not_xor
1,280,32,67,3,a
1,281,32,89,7,or
1,282,42,88,8,not_or
1,283,6,19,0,zero
1,284,4,46,11,implied_by
1,285,23,78,9,not_xor
1,286,34,46,7,or
1,287,10,61,3,a
1,288,19,22,5,b
1,289,35,52,7,or
1,290,7,20,2,not_implies
1,291,26,74,15,one
1,292,12,73,6,xor
1,293,14,53,6,xor
1,294,37,53,12,not_a
1,295,74,77,9,not_xor
1,296,10,36,6,xor
1,297,48,79,10,not_b
1,298,20,25,15,one
1,299,6,75,11,implied_by
1,300,72,74,12,not_a
1,301,45,87,2,not_implies
1,302,18,20,10,not_b
1,303,6,71,11,implied_by
1,304,12,80,12,not_a
1,305,51,66,11,implied_by
1,306,77,81,15,one
1,307,84,87,1,and
1,308,18,36,1,and
1,309,16,42,1,and
1,310,54,58,11,implied_by
1,311,81,86,2,not_implies
1,312,56,83,0,zero
1,313,51,74,13,implies
1,314,42,69,9,not_xor
1,315,51,83,12,not_a
1,316,17,29,0,zero
1,317,45,72,3,a
1,318,33,84,5,b
1,319,33,56,14,not_and
1,320,58,81,3,a
1,321,43,75,1,and
1,322,59,81,11,implied_by
1,323,62,75,10,not_b
1,324,37,42,9,not_xor
1,325,19,84,1,and
1,326,6,27,10,not_b
1,327,63,81,9,not_xor
1,328,2,39,6,xor
1,329,76,85,1,and
1,330,51,65,5,b
1,331,53,59,13,implies
1,332,34,64,6,xor
1,333,29,59,0,zero
1,334,42,77,9,not_xor
1,335,6,51,1,and
1,336,20,21,9,not_xor
1,337,4,76,10,not_b
1,338,60,73,10,not_b
1,339,52,81,0,zero
1,340,57,72,5,b
1,341,37,39,2,not_implies
1,342,40,85,5,b
1,343,27,32,15,one
1,344,8,36,3,a
1,345,23,85,7,or
1,346,26,35,9,not_xor
1,347,58,68,6,xor
1,348,19,41,15,one
1,349,31,64,14,not_and
1,350,14,48,5,b
1,351,23,65,15,one
1,352,44,54,8,not_or
1,353,18,65,2,not_implies
1,354,15,79,10,not_b
1,355,41,71,12,not_a
1,356,7,64,1,and
1,357,39,51,3,a
1,358,20,29,10,not_b
1,359,69,74,2,not_implies
1,360,35,70,1,and
1,361,19,62,14,not_and
1,362,28,72,5,b
1,363,30,74,7,or
1,364,57,83,0,zero
1,365,11,79,1,and
1,366,27,80,8,not_or
1,367,30,44,10,not_b
1,368,8,30,5,b
1,369,1,12,13,implies
1,370,7,85,4,not_implied_by
1,371,48,67,0,zero
1,372,49,86,15,one
1,373,70,74,11,implied_by
1,374,8,53,1,and
1,375,27,65,12,not_a
1,376,75,80,8,not_or
1,377,9,20,10,not_b
1,378,40,58,13,implies
1,379,72,81,2,not_implies
1,380,4,21,13,implies
1,381,22,42,7,or
1,382,41,85,4,not_implied_by
1,383,25,60,12,not_a
1,384,12,70,1,and
1,385,0,53,11,implied_by
1,386,50,65,6,xor
1,387,16,82,3,a
1,388,40,74,13,implies
1,389,35,59,1,and
1,390,13,20,6,xor
1,391,6,13,2,not_implies
1,392,61,72,1,and
1,393,0,13,1,and
1,394,60,69,11,implied_by
1,395,7,69,1,and
1,396,1,75,3,a
1,397,74,75,1,and
1,398,49,82,0,zero
1,399,1,29,8,not_or
1,400,75,85,1,and
1,401,17,28,8,not_or
1,402,34,42,2,not_implies
1,403,31,47,1,and
1,404,28,89,11,implied_by
1,405,55,87,9,not_xor
1,406,34,39,13,implies
1,407,12,31,7,or
1,408,9,45,1,and
1,409,70,72,8,not_or
1,410,2,20,5,b
1,411,12,89,8,not_or
1,412,14,19,8,not_or
1,413,2,83,9,not_xor
1,414,13,55,12,not_a
1,415,79,84,2,not_implies
1,416,15,27,9,not_xor
1,417,40,73,10,not_b
1,418,25,81,12,not_a
1,419,33,37,11,implied_by
1,420,5,45,6,xor
1,421,68,83,4,not_implied_by
1,422,44,81,11,implied_by
1,423,60,71,10,not_b
1,424,28,41,8,not_or
1,425,21,42,15,one
1,426,24,71,0,zero
1,427,3,8,1,and
1,428,47,56,8,not_or
1,429,23,47,14,not_and
1,430,27,70,12,not_a
1,431,80,88,1,and
1,432,33,55,12,not_a
1,433,24,48,6,xor
1,434,2,29,6,xor
1,435,32,88,13,implies
1,436,46,55,14,not_and
1,437,9,53,4,not_implied_by
1,438,19,67,1,and
1,439,41,84,9,not_xor
1,440,39,45,7,or
1,441,46,73,0,zero
1,442,44,66,7,or
1,443,25,43,8,not_or
1,444,47,59,5,b
1,445,31,88,2,not_implies
1,446,59,61,5,b
1,447,11,29,11,implied_by
1,448,21,36,7,or
1,449,1,57,12,not_a
1,450,42,73,2,not_implies
1,451,26,36,6,xor
1,452,31,38,2,not_implies
1,453,17,57,5,b
1,454,30,53,14,not_and
1,455,20,42,2,not_implies
1,456,11,34,15,one
1,457,34,74,11,implied_by
1,458,9,11,6,xor
1,459,37,51,9,not_xor
1,460,42,86,11,implied_by
1,461,50,86,2,not_implies
1,462,16,86,11,implied_by
1,463,8,51,9,not_xor
1,464,42,74,9,not_xor
1,465,29,38,5,b
1,466,28,77,0,zero
1,467,37,75,3,a
1,468,63,72,4,not_implied_by
1,469,10,58,3,a
1,470,4,52,15,one
1,471,2,11,11,implied_by
1,472,49,52,6,xor
1,473,9,13,0,zero
1,474,21,67,3,a
1,475,57,60,14,not_and
1,476,79,85,6,xor
1,477,36,60,4,not_implied_by
1,478,45,85,8,not_or
1,479,19,36,4,not_implied_by
1,480,67,75,5,b
1,481,27,64,9,not_xor
1,482,31,79,2,not_implies
1,483,59,68,12,not_a
1,484,47,74,8,not_or
1,485,19,52,7,or
1,486,0,8,9,not_xor
1,487,7,16,10,not_b
1,488,36,59,3,a
1,489,13,34,14,not_and
1,490,28,59,5,b
1,491,15,69,11,implied_by
1,492,24,42,7,or
1,493,3,60,7,or
1,494,20,53,14,not_and
1,495,54,56,3,a
1,496,36,75,3,a
1,497,42,47,3,a
1,498,41,53,1,and
1,499,34,40,11,implied_by
1,500,15,63,4,not_implied_by
1,501,33,48,4,not_implied_by
1,502,77,89,5,b
1,503,17,46,0,zero
1,504,3,49,15,one
1,505,33,67,11,implied_by
1,506,57,65,12,not_a
1,507,22,43,8,not_or
1,508,44,55,11,implied_by
1,509,36,80,0,zero
1,510,17,48,1,and
1,511,81,89,10,not_b
1,512,80,83,9,not_xor
1,513,42,71,6,xor
1,514,62,70,14,not_and
1,515,64,86,7,or
1,516,0,37,5,b
1,517,48,70,13,implies
1,518,20,47,12,not_a
1,519,63,77,14,not_and
1,520,50,64,0,zero
1,521,12,23,5,b
1,522,44,53,12,not_a
1,523,18,59,12,not_a
1,524,48,54,4,not_implied_by
1,525,30,31,0,zero
1,526,39,44,10,not_b
1,527,22,57,4,not_implied_by
1,528,20,34,0,zero
1,529,51,88,5,b
1,530,40,41,8,not_or
1,531,26,64,5,b
1,532,59,89,3,a
1,533,29,47,5,b
1,534,22,81,0,zero
1,535,6,47,5,b
1,536,8,59,12,not_a
1,537,16,36,3,a
1,538,40,76,9,not_xor
1,539,71,79,15,one
1,540,10,76,14,not_and
1,541,2,68,1,and
1,542,19,30,8,not_or
1,543,15,76,15,one
1,544,50,73,3,a
1,545,31,68,6,xor
1,546,45,46,2,not_implies
1,547,42,62,5,b
1,548,52,54,11,implied_by
1,549,39,40,3,a
1,550,0,22,1,and
1,551,0,23,12,not_a
1,552,13,72,9,not_xor
1,553,15,78,9,not_xor
1,554,53,64,14,not_and
1,555,72,79,2,not_implies
1,556,31,75,14,not_and
1,557,2,86,13,implies
1,558,70,75,6,xor
1,559,24,51,10,not_b
1,560,75,83,8,not_or
1,561,43,74,15,one
1,562,37,78,7,or
1,563,0,21,5,b
1,564,13,59,14,not_and
1,565,42,65,9,not_xor
1,566,49,76,5,b
1,567,25,62,3,a
1,568,84,89,14,not_and
1,569,22,75,3,a
1,570,14,58,2,not_implies
1,571,54,65,7,or
1,572,37,67,9,not_xor
1,573,34,88,1,and
1,574,74,82,8,not_or
1,575,16,43,5,b
1,576,22,26,10,not_b
1,577,73,88,7,or
1,578,50,74,14,not_and
1,579,26,51,9,not_xor
1,580,33,83,9,not_xor
1,581,39,64,7,or
1,582,8,26,10,not_b
1,583,34,82,14,not_and
1,584,15,80,4,not_implied_by
1,585,41,47,4,not_implied_by
1,586,86,87,15,one
1,587,7,65,9,not_xor
1,588,64,88,10,not_b
1,589,10,35,0,zero
1,590,31,89,10,not_b
1,591,67,81,6,xor
1,592,9,19,9,not_xor
1,593,8,31,13,implies
1,594,4,89,11,implied_by
1,595,1,53,9,not_xor
1,596,82,85,14,not_and
1,597,17,51,7,or
1,598,36,66,11,implied_by
1,599,54,68,5,b
1,600,43,52,0,zero
1,601,25,88,5,b
1,602,46,69,6,xor
1,603,3,50,4,not_implied_by
1,604,10,37,0,zero
1,605,12,69,11,implied_by
1,606,0,10,14,not_and
1,607,4,67,3,a
1,608,38,54,10,not_b
1,609,11,74,15,one
1,610,3,16,5,b
1,611,4,44,4,not_implied_by
1,612,22,74,4,not_implied_by
1,613,18,89,7,or
1,614,16,66,4,not_implied_by
1,615,15,49,6,xor
1,616,25,61,10,not_b
1,617,30,72,10,not_b
1,618,50,81,3,a
1,619,22,84,2,not_implies
1,620,31,74,13,implies
1,621,19,23,9,not_xor
1,622,4,41,5,b
1,623,9,85,0,zero
1,624,18,87,13,implies
1,625,28,44,14,not_and
1,626,9,34,15,one
1,627,30,58,1,and
1,628,20,68,2,not_implies
1,629,18,84,14,not_and
1,630,13,24,15,one
1,631,25,37,1,and
1,632,32,41,6,xor
1,633,7,44,5,b
1,634,65,83,15,one
1,635,32,75,7,or
1,636,18,44,6,xor
1,637,29,79,1,and
1,638,64,77,13,implies
1,639,11,20,7,or
1,640,3,66,10,not_b
1,641,22,36,1,and
1,642,8,23,3,a
1,643,39,54,14,not_and
1,644,54,89,12,not_a
1,645,24,36,9,not_xor
1,646,16,60,5,b
1,647,19,71,9,not_xor
1,648,33,49,4,not_implied_by
1,649,17,78,8,not_or
1,650,15,66,3,a
1,651,49,74,3,a
1,652,29,67,2,not_implies
1,653,41,44,12,not_a
1,654,9,68,12,not_a
1,655,3,77,9,not_xor
1,656,5,48,14,not_and
1,657,34,59,4,not_implied_by
1,658,30,57,8,not_or
1,659,30,36,9,not_xor
1,660,13,75,1,and
1,661,12,30,10,not_b
1,662,40,78,14,not_and
1,663,19,60,6,xor
1,664,5,84,7,or
1,665,20,66,3,a
1,666,19,83,3,a
1,667,2,8,9,not_xor
1,668,50,79,8,not_or
1,669,27,62,6,xor
1,670,28,30,7,or
1,671,3,5,8,not_or
1,672,10,72,1,and
1,673,38,64,2,not_implies
1,674,5,77,7,or
1,675,38,59,9,not_xor
1,676,48,78,4,not_implied_by
1,677,48,88,3,a
1,678,66,67,11,implied_by
1,679,24,85,1,and
1,680,30,45,5,b
1,681,34,69,6,xor
1,682,23,28,8,not_or
1,683,52,53,7,or
1,684,48,86,9,not_xor
1,685,41,72,5,b
1,686,16,26,1,and
1,687,15,26,2,not_implies
1,688,27,81,0,zero
1,689,26,70,14,not_and
1,690,75,78,2,not_implies
1,691,42,75,9,not_xor
1,692,5,30,14,not_and
1,693,4,13,11,implied_by
1,694,4,77,12,not_a
1,695,49,62,0,zero
1,696,9,64,3,a
1,697,5,56,2,not_implies
1,698,0,61,6,xor
1,699,54,63,6,xor
1,700,30,47,13,implies
1,701,9,43,6,xor
1,702,18,48,12,not_a
1,703,75,89,7,or
1,704,47,70,13,implies
1,705,76,86,6,xor
1,706,36,57,12,not_a
1,707,19,39,12,not_a
1,708,19,45,14,not_and
1,709,45,70,5,b
1,710,23,48,4,not_implied_by
1,711,30,63,4,not_implied_by
1,712,31,46,10,not_b
1,713,28,64,1,and
1,714,44,86,6,xor
1,715,36,83,4,not_implied_by
1,716,42,70,2,not_implies
1,717,44,73,12,not_a
1,718,8,12,1,and
1,719,10,79,8,not_or
1,720,27,34,11,implied_by
1,721,33,85,12,not_a
1,722,47,81,11,implied_by
1,723,43,56,9,not_xor
1,724,15,84,0,zero
1,725,11,71,4,not_implied_by
1,726,41,55,6,xor
1,727,28,37,5,b
1,728,19,20,4,not_implied_by
1,729,9,83,14,not_and
1,730,67,69,13,implies
1,731,20,28,0,zero
1,732,22,66,3,a
1,733,51,75,3,a
1,734,2,59,4,not_implied_by
1,735,27,66,12,not_a
1,736,2,31,8,not_or
1,737,45,79,6,xor
1,738,13,77,15,one
1,739,43,82,8,not_or
1,740,32,52,10,not_b
1,741,21,46,9,not_xor
1,742,11,55,4,not_implied_by
1,743,48,62,1,and
1,744,57,73,14,not_and
1,745,5,43,15,one
1,746,42,64,11,implied_by
1,747,70,87,7,or
1,748,7,38,12,not_a
1,749,4,39,7,or
1,750,37,58,5,b
1,751,60,63,0,zero
1,752,27,61,9,not_xor
1,753,46,66,13,implies
1,754,49,78,9,not_xor
1,755,38,87,11,implied_by
1,756,43,59,9,not_xor
1,757,52,61,15,one
1,758,55,85,10,not_b
1,759,54,78,11,implied_by
1,760,30,32,0,zero
1,761,46,52,5,b
1,762,21,81,2,not_implies
1,763,10,14,4,not_implied_by
1,764,10,33,4,not_implied_by
1,765,0,45,9,not_xor
1,766,1,49,14,not_and
1,767,34,70,7,or
1,768,20,27,3,a
1,769,1,25,11,implied_by
1,770,72,77,6,xor
1,771,8,74,9,not_xor
1,772,11,25,14,not_and
1,773,10,18,13,implies
1,774,0,73,15,one
1,775,3,52,1,and
1,776,64,76,6,xor
1,777,27,83,7,or
1,778,0,83,11,implied_by
1,779,31,36,8,not_or
1,780,25,64,8,not_or
1,781,29,65,14,not_and
1,782,20,43,14,not_and
1,783,7,17,15,one
1,784,20,89,10,not_b
1,785,14,35,2,not_implies
1,786,44,58,0,zero
1,787,24,32,2,not_implies
1,788,30,51,5,b
1,789,8,16,2,not_implies
1,790,9,87,8,not_or
1,791,11,45,7,or
1,792,23,50,4,not_implied_by
1,793,0,15,2,not_implies
1,794,21,26,4,not_implied_by
1,795,5,42,10,not_b
1,796,3,48,9,not_xor
1,797,48,73,7,or
1,798,26,49,12,not_a
1,799,2,57,9,not_xor
1,800,29,77,4,not_implied_by
1,801,16,77,7,or
1,802,11,66,2,not_implies
1,803,58,73,6,xor
1,804,15,61,3,a
1,805,58,75,11,implied_by
1,806,6,9,9,not_xor
1,807,53,74,14,not_and
1,808,18,49,12,not_a
1,809,66,75,9,not_xor
1,810,42,72,6,xor
1,811,65,82,15,one
1,812,56,82,12,not_a
1,813,4,25,14,not_and
1,814,59,69,4,not_implied_by
1,815,43,61,4,not_implied_by
1,816,29,87,9,not_xor
1,817,37,48,14,not_and
1,818,12,36,4,not_implied_by
1,819,37,44,5,b
1,820,10,67,1,and
1,821,54,76,3,a
1,822,39,63,13,implies
1,823,47,51,6,xor
1,824,77,88,0,zero
1,825,39,74,2,not_implies
1,826,15,89,7,or
1,827,33,46,9,not_xor
1,828,40,67,12,not_a
1,829,24,67,15,one
1,830,18,57,5,b
1,831,2,21,9,not_xor
1,832,73,83,8,not_or
1,833,60,83,12,not_a
1,834,21,49,15,one
1,835,50,52,8,not_or
1,836,29,89,11,implied_by
1,837,35,78,9,not_xor
1,838,21,59,10,not_b
1,839,62,81,12,not_a
1,840,18,45,7,or
1,841,17,38,10,not_b
1,842,10,59,4,not_implied_by
1,843,11,17,2,not_implies
1,844,6,78,11,implied_by
1,845,11,46,13,implies
1,846,14,86,5,b
1,847,38,56,2,not_implies
1,848,13,68,15,one
1,849,6,80,9,not_xor
1,850,23,31,8,not_or
1,851,48,74,12,not_a
1,852,40,77,13,implies
1,853,3,9,13,implies
1,854,41,56,12,not_a
1,855,7,9,2,not_implies
1,856,39,86,7,or
1,857,12,68,7,or
1,858,24,81,13,implies
1,859,14,34,4,not_implied_by
1,860,43,79,1,and
1,861,16,74,3,a
1,862,45,78,8,not_or
1,863,13,70,0,zero
1,864,25,68,3,a
1,865,26,45,0,zero
1,866,39,48,14,not_and
1,867,14,69,2,not_implies
1,868,1,5,15,one
1,869,29,62,2,not_implies
1,870,18,77,10,not_b
1,871,46,48,1,and
1,872,31,61,11,implied_by
1,873,20,85,0,zero
1,874,31,73,10,not_b
1,875,6,25,10,not_b
1,876,4,9,1,and
1,877,79,88,10,not_b
1,878,23,26,13,implies
1,879,4,31,10,not_b
1,880,14,66,14,not_and
1,881,45,54,14,not_and
1,882,33,66,5,b
1,883,11,19,6,xor
1,884,42,83,0,zero
1,885,35,66,2,not_implies
1,886,26,38,4,not_implied_by
1,887,52,70,6,xor
1,888,16,67,13,implies
1,889,58,84,15,one
1,890,55,65,6,xor
1,891,19,29,4,not_implied_by
1,892,22,72,12,not_a
1,893,74,85,13,implies
1,894,30,66,10,not_b
1,895,1,79,13,implies
1,896,9,77,8,not_or
1,897,25,31,7,or
1,898,5,88,13,implies
1,899,2,15,13,implies
1,900,46,78,4,not_implied_by
1,901,9,69,4,not_implied_by
1,902,15,20,10,not_b
1,903,7,47,9,not_xor
1,904,24,73,11,implied_by
1,905,63,74,12,not_a
1,906,18,33,6,xor
1,907,15,30,0,zero
1,908,46,56,2,not_implies
1,909,36,38,5,b
1,910,56,84,1,and
1,911,66,79,13,implies
1,912,47,85,13,implies
1,913,12,18,9,not_xor
1,914,61,79,2,not_implies
1,915,12,17,12,not_a
1,916,4,6,15,one
1,917,59,78,0,zero
1,918,60,89,10,not_b
1,919,5,10,14,not_and
1,920,10,49,9,not_xor
1,921,62,83,0,zero
1,922,58,83,14,not_and
1,923,47,77,7,or
1,924,15,45,9,not_xor
1,925,14,27,10,not_b
1,926,39,69,6,xor
1,927,4,32,12,not_a
1,928,9,22,3,a
1,929,19,43,3,a
1,930,28,39,1,and
1,931,33,52,14,not_and
1,932,18,46,15,one
1,933,3,7,9,not_xor
1,934,21,71,11,implied_by
1,935,45,68,12,not_a
1,936,43,68,15,one
1,937,42,43,2,not_implies
1,938,72,86,7,or
1,939,2,36,6,xor
1,940,65,71,15,one
1,941,3,62,2,not_implies
1,942,53,55,6,xor
1,943,18,21,13,implies
1,944,29,44,6,xor
1,945,26,79,11,implied_by
1,946,57,85,4,not_implied_by
1,947,24,86,11,implied_by
1,948,34,57,5,b
1,949,72,85,13,implies
1,950,33,82,3,a
1,951,70,82,9,not_xor
1,952,14,40,8,not_or
1,953,35,83,2,not_implies
1,954,29,80,2,not_implies
1,955,36,70,2,not_implies
1,956,2,33,12,not_a
1,957,54,69,9,not_xor
1,958,44,87,15,one
1,959,27,46,14,not_and
1,960,85,89,9,not_xor
1,961,3,27,9,not_xor
1,962,18,76,6,xor
1,963,11,41,7,or
1,964,14,61,12,not_a
1,965,49,54,4,not_implied_by
1,966,8,35,14,not_and
1,967,11,82,6,xor
1,968,26,47,6,xor
1,969,0,55,11,implied_by
1,970,52,57,1,and
1,971,77,87,6,xor
1,972,28,40,0,zero
1,973,0,63,7,or
1,974,5,52,12,not_a
1,975,53,77,12,not_a
1,976,73,87,8,not_or
1,977,36,67,1,and
1,978,29,49,9,not_xor
1,979,48,84,7,or
1,980,19,79,1,and
1,981,16,22,12,not_a
1,982,54,72,15,one
1,983,52,68,7,or
1,984,16,27,2,not_implies
1,985,38,88,7,or
1,986,21,68,7,or
1,987,18,37,1,and
1,988,54,64,13,implies
1,989,10,26,10,not_b
1,990,10,83,4,not_implied_by
1,991,19,65,7,or
1,992,34,78,12,not_a
1,993,8,55,4,not_implied_by
1,994,51,53,9,not_xor
1,995,40,86,12,not_a
1,996,3,18,5,b
1,997,25,28,9,not_xor
1,998,14,55,15,one
1,999,51,71,2,not_implies
1,1000,7,50,14,not_and
1,1001,68,76,15,one
1,1002,14,26,6,xor
1,1003,14,37,5,b
1,1004,52,73,12,not_a
1,1005,55,59,14,not_and
1,1006,44,77,2,not_implies
1,1007,0,87,1,and
1,1008,48,58,11,implied_by
1,1009,27,67,11,implied_by
1,1010,3,41,14,not_and
1,1011,10,20,4,not_implied_by
1,1012,38,67,5,b
1,1013,54,66,13,implies
1,1014,39,55,8,not_or
1,1015,11,64,2,not_implies
1,1016,3,68,5,b
1,1017,34,50,12,not_a
1,1018,12,37,13,implies
1,1019,1,36,5,b
1,1020,36,40,4,not_implied_by
1,1021,1,37,9,not_xor
1,1022,40,79,8,not_or
1,1023,43,70,7,or
1,1024,43,54,9,not_xor
1,1025,20,62,10,not_b
1,1026,57,66,7,or
1,1027,7,30,12,not_a
1,1028,65,69,12,not_a
1,1029,3,56,4,not_implied_by
1,1030,0,75,6,xor
1,1031,57,87,12,not_a
1,1032,54,87,14,not_and
1,1033,6,74,13,implies
1,1034,16,18,9,not_xor
1,1035,37,80,7,or
1,1036,9,60,5,b
1,1037,63,80,14,not_and
1,1038,12,32,15,one
1,1039,51,55,7,or
1,1040,55,63,5,b
1,1041,60,76,6,xor
1,1042,28,73,13,implies
1,1043,31,82,2,not_implies
1,1044,51,63,3,a
1,1045,30,81,7,or
1,1046,49,63,14,not_and
1,1047,2,50,12,not_a
1,1048,28,80,4,not_implied_by
1,1049,36,56,15,one
1,1050,10,43,10,not_b
1,1051,5,72,1,and
1,1052,23,61,13,implies
1,1053,5,59,12,not_a
1,1054,23,33,8,not_or
1,1055,37,86,11,implied_by
1,1056,12,33,4,not_implied_by
1,1057,4,79,14,not_and
1,1058,22,32,3,a
1,1059,23,88,4,not_implied_by
1,1060,0,18,6,xor
1,1061,50,69,5,b
1,1062,21,55,0,zero
1,1063,16,28,6,xor
1,1064,33,41,0,zero
1,1065,42,55,0,zero
1,1066,16,29,0,zero
1,1067,1,65,3,a
1,1068,0,49,5,b
1,1069,19,74,9,not_xor
1,1070,2,73,12,not_a
1,1071,30,46,2,not_implies
1,1072,82,89,13,implies
1,1073,2,58,9,not_xor
1,1074,12,79,14,not_and
1,1075,16,54,2,not_implies
1,1076,43,67,6,xor
1,1077,36,73,11,implied_by
1,1078,29,33,4,not_implied_by
1,1079,15,47,2,not_implies
1,1080,39,67,0,zero
1,1081,22,69,2,not_implies
1,1082,12,87,2,not_implies
1,1083,29,73,14,not_and
1,1084,69,82,15,one
1,1085,28,58,8,not_or
1,1086,29,46,6,xor
1,1087,5,89,13,implies
1,1088,49,85,11,implied_by
1,1089,63,69,5,b
1,1090,6,41,11,implied_by
1,1091,41,50,8,not_or
1,1092,33,69,11,implied_by
1,1093,18,86,14,not_and
1,1094,0,81,15,one
1,1095,26,27,0,zero
1,1096,55,58,6,xor
1,1097,6,60,2,not_implies
1,1098,25,39,7,or
1,1099,19,51,2,not_implies
1,1100,45,57,2,not_implies
1,1101,12,45,9,not_xor
1,1102,20,60,5,b
1,1103,25,75,0,zero
1,1104,46,53,0,zero
1,1105,32,56,12,not_a
1,1106,9,86,12,not_a
1,1107,4,14,11,implied_by
1,1108,13,51,5,b
1,1109,26,60,15,one
1,1110,2,12,5,b
1,1111,52,69,4,not_implied_by
1,1112,1,66,5,b
1,1113,5,54,9,not_xor
1,1114,30,48,7,or
1,1115,44,84,9,not_xor
1,1116,72,89,4,not_implied_by
1,1117,25,63,12,not_a
1,1118,67,73,4,not_implied_by
1,1119,24,28,1,and
1,1120,14,15,12,not_a
1,1121,9,54,10,not_b
1,1122,86,89,14,not_and
1,1123,7,87,10,not_b
1,1124,46,60,10,not_b
1,1125,9,67,11,implied_by
1,1126,42,57,1,and
1,1127,3,87,14,not_and
1,1128,9,41,8,not_or
1,1129,88,89,2,not_implies
1,1130,54,86,11,implied_by
1,1131,58,71,13,implies
1,1132,35,85,10,not_b
1,1133,26,66,9,not_xor
1,1134,27,37,15,one
1,1135,45,55,13,implies
1,1136,23,24,10,not_b
1,1137,37,89,2,not_implies
1,1138,26,33,1,and
1,1139,44,74,2,not_implies
1,1140,23,37,9,not_xor
1,1141,3,12,6,xor
1,1142,36,62,6,xor
1,1143,4,23,7,or
1,1144,0,30,12,not_a
1,1145,54,55,11,implied_by
1,1146,11,36,8,not_or
1,1147,18,67,14,not_and
1,1148,13,53,3,a
1,1149,38,46,3,a
1,1150,2,6,0,zero
1,1151,41,52,11,implied_by
1,1152,26,29,4,not_implied_by
1,1153,19,44,11,implied_by
1,1154,14,32,9,not_xor
1,1155,32,66,9,not_xor
1,1156,0,76,6,xor
1,1157,17,70,11,implied_by
1,1158,7,71,2,not_implies
1,1159,87,88,7,or
1,1160,33,38,9,not_xor
1,1161,4,66,0,zero
1,1162,47,58,14,not_and
1,1163,33,39,0,zero
1,1164,20,56,14,not_and
1,1165,69,83,0,zero
1,1166,4,71,11,implied_by
1,1167,25,32,11,implied_by
1,1168,38,50,8,not_or
1,1169,13,19,8,not_or
1,1170,14,65,0,zero
1,1171,31,86,7,or
1,1172,62,86,7,or
1,1173,29,84,0,zero
1,1174,38,86,1,and
1,1175,19,55,3,a
1,1176,40,49,9,not_xor
1,1177,9,66,12,not_a
1,1178,19,66,7,or
1,1179,48,77,3,a
1,1180,79,87,2,not_implies
1,1181,61,83,15,one
1,1182,21,74,2,not_implies
1,1183,11,54,0,zero
1,1184,13,52,14,not_and
1,1185,22,62,2,not_implies
1,1186,73,75,15,one
1,1187,1,55,11,implied_by
1,1188,0,3,6,xor
1,1189,42,79,0,zero
1,1190,50,77,7,or
1,1191,45,69,0,zero
1,1192,9,28,11,implied_by
1,1193,45,61,3,a
1,1194,9,59,6,xor
1,1195,63,78,12,not_a
1,1196,10,13,5,b
1,1197,7,11,15,one
1,1198,20,61,5,b
1,1199,49,64,0,zero
1,1200,64,73,10,not_b
1,1201,8,64,10,not_b
1,1202,75,88,7,or
1,1203,34,76,4,not_implied_by
1,1204,9,89,15,one
1,1205,41,89,13,implies
1,1206,25,44,5,b
1,1207,27,29,2,not_implies
1,1208,32,53,13,implies
1,1209,66,83,13,implies
1,1210,12,50,0,zero
1,1211,11,84,10,not_b
1,1212,19,69,6,xor
1,1213,47,62,15,one
1,1214,1,56,3,a
1,1215,10,45,1,and
1,1216,18,68,0,zero
1,1217,12,40,10,not_b
1,1218,43,81,14,not_and
1,1219,32,50,1,and
1,1220,36,88,0,zero
1,1221,51,80,7,or
1,1222,20,80,6,xor
1,1223,32,47,1,and
1,1224,59,80,11,implied_by
1,1225,17,49,14,not_and
1,1226,24,87,8,not_or
1,1227,34,56,2,not_implies
1,1228,8,18,13,implies
1,1229,15,58,3,a
1,1230,44,69,6,xor
1,1231,34,81,8,not_or
1,1232,22,23,13,implies
1,1233,29,70,15,one
1,1234,30,33,7,or
1,1235,38,75,5,b
1,1236,5,14,6,xor
1,1237,25,56,5,b
1,1238,28,83,15,one
1,1239,22,54,3,a
1,1240,33,77,14,not_and
1,1241,40,59,13,implies
1,1242,31,66,3,a
1,1243,23,46,15,one
1,1244,16,49,1,and
1,1245,25,59,5,b
1,1246,43,46,11,implied_by
1,1247,46,49,6,xor
1,1248,20,36,13,implies
1,1249,8,78,10,not_b
1,1250,1,39,5,b
1,1251,6,73,2,not_implies
1,1252,57,78,12,not_a
1,1253,55,73,14,not_and
1,1254,33,54,11,implied_by
1,1255,53,58,3,a
1,1256,12,57,10,not_b
1,1257,38,66,4,not_implied_by
1,1258,4,47,3,a
1,1259,60,66,6,xor
1,1260,34,83,11,implied_by
1,1261,15,67,13,implies
1,1262,4,19,7,or
1,1263,42,82,8,not_or
1,1264,13,67,0,zero
1,1265,66,78,4,not_implied_by
1,1266,11,48,4,not_implied_by
1,1267,62,84,10,not_b
1,1268,53,60,0,zero
1,1269,17,26,4,not_implied_by
1,1270,42,46,11,implied_by
1,1271,60,61,6,xor
1,1272,16,45,3,a
1,1273,55,86,3,a
1,1274,2,53,5,b
1,1275,52,66,8,not_or
1,1276,10,21,15,one
1,1277,69,75,9,not_xor
1,1278,14,39,5,b
1,1279,3,34,11,implied_by
1,1280,12,49,4,not_implied_by
1,1281,10,68,9,not_xor
1,1282,36,69,7,or
1,1283,60,65,4,not_implied_by
1,1284,17,83,7,or
1,1285,17,79,5,b
1,1286,37,81,8,not_or
1,1287,26,30,9,not_xor
1,1288,61,87,6,xor
1,1289,12,24,3,a
1,1290,55,67,15,one
1,1291,9,74,7,or
1,1292,40,82,14,not_and
1,1293,6,21,15,one
1,1294,55,74,2,not_implies
1,1295,2,28,4,not_implied_by
1,1296,13,58,0,zero
1,1297,75,86,8,not_or
1,1298,9,79,15,one
1,1299,3,46,13,implies
1,1300,40,57,5,b
1,1301,78,83,7,or
1,1302,25,50,12,not_a
1,1303,69,70,5,b
1,1304,9,29,12,not_a
1,1305,17,36,8,not_or
1,1306,29,63,3,a
1,1307,5,44,9,not_xor
1,1308,10,27,9,not_xor
1,1309,18,34,11,implied_by
1,1310,55,72,1,and
1,1311,24,55,11,implied_by
1,1312,1,69,9,not_xor
1,1313,32,48,11,implied_by
1,1314,10,86,10,not_b
1,1315,1,84,7,or
1,1316,30,69,4,not_implied_by
1,1317,8,9,11,implied_by
1,1318,7,79,4,not_implied_by
1,1319,27,42,7,or
1,1320,16,25,2,not_implies
1,1321,16,37,1,and
1,1322,76,78,5,b
1,1323,57,86,4,not_implied_by
1,1324,45,49,15,one
1,1325,54,61,4,not_implied_by
1,1326,21,43,0,zero
1,1327,14,87,13,implies
1,1328,25,57,13,implies
1,1329,26,81,7,or
1,1330,29,41,11,implied_by
1,1331,4,38,6,xor
1,1332,10,44,9,not_xor
1,1333,13,85,4,not_implied_by
1,1334,15,72,1,and
1,1335,28,74,13,implies
1,1336,15,65,1,and
1,1337,5,11,1,and
1,1338,45,63,10,not_b
1,1339,43,65,13,implies
1,1340,6,87,4,not_implied_by
1,1341,50,80,6,xor
1,1342,53,88,12,not_a
1,1343,13,69,11,implied_by
1,1344,28,43,8,not_or
1,1345,5,33,11,implied_by
1,1346,25,65,4,not_implied_by
1,1347,17,62,10,not_b
1,1348,10,53,15,one
1,1349,26,32,2,not_implies
1,1350,31,35,10,not_b
1,1351,21,37,15,one
1,1352,67,74,5,b
1,1353,7,41,7,or
1,1354,33,58,2,not_implies
1,1355,29,81,6,xor
1,1356,2,67,12,not_a
1,1357,11,52,1,and
1,1358,62,78,6,xor
1,1359,6,37,5,b
1,1360,7,84,12,not_a
1,1361,25,79,1,and
1,1362,5,35,7,or
1,1363,23,62,6,xor
1,1364,64,87,15,one
1,1365,59,79,9,not_xor
1,1366,57,64,6,xor
1,1367,35,86,13,implies
1,1368,21,22,14,not_and
1,1369,47,61,3,a
1,1370,70,80,4,not_implied_by
1,1371,4,42,5,b
1,1372,36,52,11,implied_by
1,1373,45,50,14,not_and
1,1374,4,62,7,or
1,1375,5,36,15,one
1,1376,26,28,3,a
1,1377,65,84,5,b
1,1378,11,39,12,not_a
1,1379,11,23,8,not_or
1,1380,56,57,15,one
1,1381,75,81,6,xor
1,1382,5,18,6,xor
1,1383,12,67,10,not_b
1,1384,3,36,10,not_b
1,1385,4,33,7,or
1,1386,59,65,5,b
1,1387,23,35,12,not_a
1,1388,59,73,0,zero
1,1389,3,17,6,xor
1,1390,14,50,7,or
1,1391,14,75,11,implied_by
1,1392,10,22,5,b
1,1393,51,73,8,not_or
1,1394,36,49,13,implies
1,1395,41,80,12,not_a
1,1396,32,83,14,not_and
1,1397,38,53,10,not_b
1,1398,27,47,11,implied_by
1,1399,56,61,3,a
1,1400,41,62,7,or
1,1401,12,34,1,and
1,1402,35,51,12,not_a
1,1403,27,28,4,not_implied_by
1,1404,67,68,8,not_or
1,1405,3,28,13,implies
1,1406,70,77,7,or
1,1407,5,74,6,xor
1,1408,27,50,5,b
1,1409,2,32,12,not_a
1,1410,72,78,9,not_xor
1,1411,48,81,3,a
1,1412,12,38,14,not_and
1,1413,39,65,7,or
1,1414,7,89,10,not_b
1,1415,39,71,10,not_b
1,1416,0,80,13,implies
1,1417,56,59,1,and
1,1418,36,42,0,zero
1,1419,3,51,2,not_implies
1,1420,14,73,0,zero
1,1421,37,52,3,a
1,1422,11,31,8,not_or
1,1423,40,61,12,not_a
1,1424,37,54,4,not_implied_by
1,1425,14,85,7,or
1,1426,33,47,12,not_a
1,1427,31,34,6,xor
1,1428,44,68,5,b
1,1429,35,53,2,not_implies
1,1430,47,55,2,not_implies
1,1431,34,75,5,b
1,1432,17,33,11,implied_by
1,1433,35,54,6,xor
1,1434,62,89,8,not_or
1,1435,49,81,3,a
1,1436,46,77,2,not_implies
1,1437,66,88,0,zero
1,1438,12,60,10,not_b
1,1439,17,21,9,not_xor
1,1440,29,68,2,not_implies
1,1441,2,77,7,or
1,1442,23,45,9,not_xor
1,1443,56,60,13,implies
1,1444,55,89,12,not_a
1,1445,5,6,13,implies
1,1446,34,38,0,zero
1,1447,33,62,15,one
1,1448,30,62,3,a
1,1449,85,88,6,xor
1,1450,2,85,4,not_implied_by
1,1451,4,75,3,a
1,1452,1,64,2,not_implies
1,1453,47,75,9,not_xor
1,1454,26,52,4,not_implied_by
1,1455,25,30,12,not_a
1,1456,6,81,5,b
1,1457,56,73,10,not_b
1,1458,21,85,6,xor
1,1459,27,77,7,or
1,1460,18,24,2,not_implies
1,1461,29,52,10,not_b
1,1462,33,44,6,xor
1,1463,41,48,12,not_a
1,1464,60,72,0,zero
1,1465,28,62,10,not_b
1,1466,69,86,6,xor
1,1467,19,50,15,one
1,1468,4,10,14,not_and
1,1469,18,19,0,zero
1,1470,14,25,3,a
1,1471,59,71,0,zero
1,1472,8,61,9,not_xor
1,1473,4,56,15,one
1,1474,9,12,6,xor
1,1475,48,53,6,xor
1,1476,45,84,0,zero
1,1477,3,53,10,not_b
1,1478,46,67,7,or
1,1479,11,44,0,zero
1,1480,22,39,10,not_b
1,1481,2,44,1,and
1,1482,20,24,4,not_implied_by
1,1483,15,42,11,implied_by
1,1484,3,84,14,not_and
1,1485,37,56,2,not_implies
1,1486,1,9,9,not_xor
1,1487,35,45,12,not_a
1,1488,27,89,8,not_or
1,1489,55,84,14,not_and
1,1490,30,77,10,not_b
1,1491,50,88,11,implied_by
1,1492,0,71,12,not_a
1,1493,9,30,0,zero
1,1494,50,68,1,and
1,1495,48,50,10,not_b
1,1496,36,84,4,not_implied_by
1,1497,55,61,11,implied_by
1,1498,6,72,5,b
1,1499,20,69,7,or
1,1500,0,58,15,one
1,1501,58,61,15,one
1,1502,10,77,13,implies
1,1503,31,40,2,not_implies
1,1504,13,22,4,not_implied_by
1,1505,60,85,10,not_b
1,1506,31,59,2,not_implies
1,1507,49,56,9,not_xor
1,1508,61,78,4,not_implied_by
1,1509,49,77,2,not_implies
1,1510,39,58,4,not_implied_by
1,1511,11,21,9,not_xor
1,1512,57,88,15,one
1,1513,41,58,5,b
1,1514,47,83,13,implies
1,1515,17,58,1,and
1,1516,71,87,2,not_implies
1,1517,2,48,7,or
1,1518,21,84,10,not_b
1,1519,21,48,11,implied_by
1,1520,9,88,7,or
1,1521,3,89,5,b
1,1522,8,25,6,xor
1,1523,39,84,6,xor
1,1524,54,57,10,not_b
1,1525,19,38,10,not_b
1,1526,17,44,15,one
1,1527,28,86,10,not_b
1,1528,56,75,0,zero
1,1529,24,52,14,not_and
1,1530,5,66,10,not_b
1,1531,32,82,8,not_or
1,1532,44,83,0,zero
1,1533,3,81,3,a
1,1534,17,25,13,implies
1,1535,49,51,14,not_and
1,1536,3,70,15,one
1,1537,1,46,10,not_b
1,1538,17,54,12,not_a
1,1539,54,59,9,not_xor
1,1540,29,55,14,not_and
1,1541,32,46,3,a
1,1542,38,51,15,one
1,1543,14,83,0,zero
1,1544,76,87,9,not_xor
1,1545,3,85,1,and
1,1546,29,53,7,or
1,1547,21,27,9,not_xor
1,1548,57,89,12,not_a
1,1549,21,65,9,not_xor
1,1550,61,67,13,implies
1,1551,37,77,14,not_and
1,1552,27,44,2,not_implies
1,1553,34,63,2,not_implies
1,1554,45,74,9,not_xor
1,1555,59,62,1,and
1,1556,0,74,8,not_or
1,1557,55,78,4,not_implied_by
1,1558,11,53,8,not_or
1,1559,62,63,5,b
1,1560,20,64,7,or
1,1561,31,37,8,not_or
1,1562,59,63,11,implied_by
1,1563,0,36,10,not_b
1,1564,26,78,8,not_or
1,1565,24,60,13,implies
1,1566,69,80,9,not_xor
1,1567,29,39,15,one
1,1568,26,76,2,not_implies
1,1569,3,72,6,xor
1,1570,65,86,9,not_xor
1,1571,46,74,0,zero
1,1572,9,26,9,not_xor
1,1573,13,30,7,or
1,1574,5,31,10,not_b
1,1575,21,32,8,not_or
1,1576,41,43,0,zero
1,1577,14,36,10,not_b
1,1578,20,41,2,not_implies
1,1579,16,62,9,not_xor
1,1580,13,23,9,not_xor
1,1581,4,34,7,or
1,1582,5,57,13,implies
1,1583,11,60,9,not_xor
1,1584,46,89,1,and
1,1585,13,42,11,implied_by
1,1586,12,72,4,not_implied_by
1,1587,39,78,10,not_b
1,1588,68,82,12,not_a
1,1589,27,49,7,or
1,1590,45,62,6,xor
1,1591,28,47,12,not_a
1,1592,82,83,10,not_b
1,1593,28,51,12,not_a
1,1594,24,44,6,xor
1,1595,17,75,9,not_xor
1,1596,51,77,11,implied_by
1,1597,43,64,15,one
1,1598,16,38,7,or
1,1599,10,47,1,and
1,1600,14,20,9,not_xor
1,1601,21,87,11,implied_by
1,1602,1,61,5,b
1,1603,49,87,8,not_or
1,1604,34,37,1,and
1,1605,2,37,9,not_xor
1,1606,34,73,0,zero
1,1607,44,71,9,not_xor
1,1608,54,83,13,implies
1,1609,26,42,2,not_implies
1,1610,8,63,3,a
1,1611,18,75,12,not_a
1,1612,21,47,9,not_xor
1,1613,11,47,11,implied_by
1,1614,3,58,4,not_implied_by
1,1615,7,31,4,not_implied_by
1,1616,45,73,2,not_implies
1,1617,22,68,13,implies
1,1618,15,71,1,and
1,1619,19,63,11,implied_by
1,1620,21,25,1,and
1,1621,8,67,15,one
1,1622,41,49,10,not_b
1,1623,2,25,7,or
1,1624,10,64,12,not_a
1,1625,16,83,1,and
1,1626,23,51,6,xor
1,1627,70,78,1,and
1,1628,11,63,15,one
1,1629,52,72,0,zero
1,1630,10,81,11,implied_by
1,1631,39,43,7,or
1,1632,13,50,4,not_implied_by
1,1633,4,50,15,one
1,1634,27,58,15,one
1,1635,44,88,3,a
1,1636,53,54,12,not_a
1,1637,24,49,1,and
1,1638,72,87,14,not_and
1,1639,76,83,11,implied_by
1,1640,1,73,1,and
1,1641,52,82,10,not_b
1,1642,62,67,9,not_xor
1,1643,2,40,0,zero
1,1644,31,80,11,implied_by
1,1645,22,55,7,or
1,1646,26,83,11,implied_by
1,1647,33,72,8,not_or
1,1648,13,73,15,one
1,1649,28,33,7,or
1,1650,23,64,13,implies
1,1651,2,80,7,or
1,1652,67,84,6,xor
1,1653,52,84,15,one
1,1654,12,22,2,not_implies
1,1655,60,79,1,and
1,1656,10,87,15,one
1,1657,1,41,0,zero
1,1658,11,68,8,not_or
1,1659,21,64,7,or
1,1660,40,56,9,not_xor
1,1661,1,70,6,xor
1,1662,19,48,3,a
1,1663,43,66,2,not_implies
1,1664,6,7,4,not_implied_by
1,1665,11,67,11,implied_by
1,1666,2,51,9,not_xor
1,1667,5,21,3,a
1,1668,8,34,10,not_b
1,1669,38,39,7,or
1,1670,3,30,6,xor
1,1671,26,56,14,not_and
1,1672,34,35,6,xor
1,1673,16,51,0,zero
1,1674,23,69,12,not_a
1,1675,1,62,10,not_b
1,1676,23,74,3,a
1,1677,2,72,8,not_or
1,1678,59,64,9,not_xor
1,1679,15,48,1,and
1,1680,48,55,13,implies
1,1681,43,47,11,implied_by
1,1682,48,71,12,not_a
1,1683,10,31,14,not_and
1,1684,25,49,7,or
1,1685,4,69,5,b
1,1686,33,35,9,not_xor
1,1687,58,69,15,one
1,1688,65,74,7,or
1,1689,16,52,9,not_xor
1,1690,42,85,6,xor
1,1691,68,69,10,not_b
1,1692,3,82,12,not_a
1,1693,11,77,6,xor
1,1694,31,65,3,a
1,1695,47,82,14,not_and
1,1696,7,39,14,not_and
1,1697,27,40,14,not_and
1,1698,50,87,11,implied_by
1,1699,61,74,4,not_implied_by
1,1700,4,40,12,not_a
1,1701,25,89,15,one
1,1702,6,24,9,not_xor
1,1703,12,51,4,not_implied_by
1,1704,12,64,3,a
1,1705,3,45,7,or
1,1706,6,8,5,b
1,1707,27,60,0,zero
1,1708,22,67,6,xor
1,1709,5,23,9,not_xor
1,1710,20,74,14,not_and
1,1711,5,81,7,or
1,1712,17,42,4,not_implied_by
1,1713,64,71,0,zero
1,1714,58,82,7,or
1,1715,3,10,3,a
1,1716,32,54,1,and
1,1717,37,45,0,zero
1,1718,15,53,0,zero
1,1719,29,45,0,zero
1,1720,58,79,12,not_a
1,1721,23,82,12,not_a
1,1722,55,81,6,xor
1,1723,8,70,15,one
1,1724,3,76,11,implied_by
1,1725,64,79,11,implied_by
1,1726,59,72,3,a
1,1727,49,59,6,xor
1,1728,16,47,15,one
1,1729,32,76,12,not_a
1,1730,13,35,14,not_and
1,1731,29,37,13,implies
1,1732,25,74,14,not_and
1,1733,3,26,2,not_implies
1,1734,6,61,12,not_a
1,1735,49,73,7,or
1,1736,23,70,13,implies
1,1737,63,83,11,implied_by
1,1738,6,34,1,and
1,1739,57,84,11,implied_by
1,1740,1,16,8,not_or
1,1741,6,32,11,implied_by
1,1742,3,24,13,implies
1,1743,5,67,13,implies
1,1744,81,87,6,xor
1,1745,25,45,8,not_or
1,1746,40,80,7,or
1,1747,15,21,9,not_xor
1,1748,61,89,7,or
1,1749,38,43,15,one
1,1750,63,65,6,xor
1,1751,21,29,6,xor
1,1752,12,62,2,not_implies
1,1753,13,29,9,not_xor
1,1754,27,84,9,not_xor
1,1755,3,80,4,not_implied_by
1,1756,34,71,5,b
1,1757,44,63,2,not_implies
1,1758,39,42,6,xor
1,1759,7,51,3,a
1,1760,51,62,11,implied_by
1,1761,9,15,12,not_a
1,1762,27,87,7,or
1,1763,40,71,4,not_implied_by
1,1764,46,51,6,xor
1,1765,9,21,15,one
1,1766,8,37,2,not_implies
1,1767,4,28,7,or
1,1768,12,53,1,and
1,1769,80,82,7,or
1,1770,20,87,9,not_xor
1,1771,37,59,10,not_b
1,1772,5,13,8,not_or
1,1773,32,80,0,zero
1,1774,10,24,14,not_and
1,1775,14,84,13,implies
1,1776,37,61,2,not_implies
1,1777,14,42,9,not_xor
1,1778,58,78,2,not_implies
1,1779,36,50,0,zero
1,1780,24,35,10,not_b
1,1781,50,84,5,b
1,1782,7,55,4,not_implied_by
1,1783,41,86,13,implies
1,1784,8,39,12,not_a
1,1785,48,87,5,b
1,1786,25,58,0,zero
1,1787,32,73,0,zero
1,1788,26,59,14,not_and
1,1789,8,52,7,or
1,1790,79,86,5,b
1,1791,11,85,4,not_implied_by
1,1792,76,89,4,not_implied_by
1,1793,21,34,5,b
1,1794,29,72,1,and
1,1795,2,66,1,and
1,1796,26,85,12,not_a
1,1797,28,49,14,not_and
1,1798,8,47,0,zero
1,1799,14,77,13,implies
1,1800,0,54,11,implied_by
1,1801,11,32,2,not_implies
1,1802,28,88,3,a
1,1803,6,76,0,zero
1,1804,23,36,4,not_implied_by
1,1805,10,34,11,implied_by
1,1806,64,78,15,one
1,1807,2,34,3,a
1,1808,59,66,15,one
1,1809,35,38,3,a
1,1810,32,79,13,implies
1,1811,43,49,9,not_xor
1,1812,53,82,4,not_implied_by
1,1813,63,70,15,one
1,1814,9,24,2,not_implies
1,1815,21,58,3,a
1,1816,1,52,4,not_implied_by
1,1817,62,65,12,not_a
1,1818,47,57,14,not_and
1,1819,5,61,9,not_xor
1,1820,41,70,12,not_a
1,1821,67,77,14,not_and
1,1822,23,66,12,not_a
1,1823,22,79,7,or
1,1824,23,87,2,not_implies
1,1825,10,50,2,not_implies
1,1826,63,66,15,one
1,1827,0,68,13,implies
1,1828,77,84,9,not_xor
1,1829,26,72,3,a
1,1830,30,84,15,one
1,1831,53,86,9,not_xor
1,1832,31,60,8,not_or
1,1833,13,44,4,not_implied_by
1,1834,64,68,6,xor
1,1835,2,3,10,not_b
1,1836,12,39,1,and
1,1837,35,36,13,implies
1,1838,8,48,3,a
1,1839,72,75,6,xor
1,1840,42,63,4,not_implied_by
1,1841,20,31,15,one
1,1842,3,38,5,b
1,1843,46,72,1,and
1,1844,14,76,1,and
1,1845,49,89,0,zero
1,1846,18,22,0,zero
1,1847,34,53,15,one
1,1848,25,42,15,one
1,1849,43,63,12,not_a
1,1850,23,76,9,not_xor
1,1851,12,59,7,or
1,1852,65,66,3,a
1,1853,30,78,7,or
1,1854,16,46,4,not_implied_by
1,1855,22,44,14,not_and
1,1856,20,71,12,not_a
1,1857,53,81,8,not_or
1,1858,9,14,12,not_a
1,1859,59,75,8,not_or
1,1860,38,73,9,not_xor
1,1861,35,75,0,zero
1,1862,13,46,2,not_implies
1,1863,7,86,1,and
1,1864,4,64,15,one
1,1865,23,40,9,not_xor
1,1866,0,67,4,not_implied_by
1,1867,51,56,15,one
1,1868,6,62,13,implies
1,1869,50,61,7,or
1,1870,74,88,12,not_a
1,1871,71,74,15,one
1,1872,44,85,6,xor
1,1873,19,58,10,not_b
1,1874,12,29,3,a
1,1875,28,54,10,not_b
1,1876,63,87,2,not_implies
1,1877,38,69,15,one
1,1878,81,88,0,zero
1,1879,44,82,0,zero
1,1880,54,85,1,and
1,1881,15,55,1,and
1,1882,70,76,2,not_implies
1,1883,14,22,3,a
1,1884,61,64,4,not_implied_by
1,1885,8,32,3,a
1,1886,32,40,11,implied_by
1,1887,53,84,4,not_implied_by
1,1888,46,65,1,and
1,1889,18,55,15,one
1,1890,18,72,8,not_or
1,1891,74,76,6,xor
1,1892,14,31,13,implies
1,1893,24,78,9,not_xor
1,1894,56,68,0,zero
1,1895,36,79,15,one
1,1896,24,34,13,implies
1,1897,66,71,3,a
1,1898,60,67,14,not_and
1,1899,48,83,2,not_implies
1,1900,35,84,7,or
1,1901,36,44,13,implies
1,1902,6,22,10,not_b
1,1903,35,44,6,xor
1,1904,16,65,8,not_or
1,1905,6,52,13,implies
1,1906,33,70,8,not_or
1,1907,65,68,15,one
1,1908,56,87,11,implied_by
1,1909,23,34,12,not_a
1,1910,28,87,10,not_b
1,1911,28,32,10,not_b
1,1912,26,80,7,or
1,1913,8,43,8,not_or
1,1914,0,39,13,implies
1,1915,7,18,6,xor
1,1916,66,76,11,implied_by
1,1917,11,49,13,implies
1,1918,1,4,13,implies
1,1919,49,69,6,xor
1,1920,31,42,2,not_implies
1,1921,20,88,12,not_a
1,1922,73,82,5,b
1,1923,7,67,6,xor
1,1924,16,24,3,a
1,1925,3,29,14,not_and
1,1926,26,61,3,a
1,1927,50,53,9,not_xor
1,1928,66,72,11,implied_by
1,1929,0,20,15,one
1,1930,43,77,14,not_and
1,1931,37,79,12,not_a
1,1932,37,85,3,a
1,1933,32,62,12,not_a
1,1934,17,71,8,not_or
1,1935,8,11,15,one
1,1936,33,57,0,zero
1,1937,55,66,10,not_b
1,1938,11,80,1,and
1,1939,39,53,9,not_xor
1,1940,73,80,13,implies
1,1941,72,73,12,not_a
1,1942,67,72,3,a
1,1943,29,88,15,one
1,1944,49,75,0,zero
1,1945,3,63,6,xor
1,1946,6,17,1,and
1,1947,65,89,8,not_or
1,1948,67,71,14,not_and
1,1949,2,79,7,or
1,1950,41,87,10,not_b
1,1951,7,80,13,implies
1,1952,59,67,6,xor
1,1953,11,16,9,not_xor
1,1954,8,10,1,and
1,1955,33,45,10,not_b
1,1956,29,36,11,implied_by
1,1957,10,12,8,not_or
1,1958,35,40,14,not_and
1,1959,80,87,14,not_and
1,1960,59,77,12,not_a
1,1961,50,60,10,not_b
1,1962,14,62,1,and
1,1963,39,46,2,not_implies
1,1964,20,63,1,and
1,1965,72,84,1,and
1,1966,6,65,0,zero
1,1967,11,37,10,not_b
1,1968,54,74,10,not_b
1,1969,40,88,9,not_xor
1,1970,34,49,14,not_and
1,1971,13,32,12,not_a
1,1972,32,77,9,not_xor
1,1973,31,32,12,not_a
1,1974,48,80,14,not_and
1,1975,18,32,1,and
1,1976,12,65,12,not_a
1,1977,28,52,2,not_implies
1,1978,25,72,5,b
1,1979,2,35,0,zero
1,1980,3,37,2,not_implies
1,1981,71,72,0,zero
1,1982,30,75,10,not_b
1,1983,68,75,1,and
1,1984,39,88,4,not_implied_by
1,1985,16,50,12,not_a
1,1986,53,57,10,not_b
1,1987,66,69,9,not_xor
1,1988,4,35,9,not_xor
1,1989,73,79,15,one
1,1990,15,64,10,not_b
1,1991,5,19,7,or
1,1992,83,84,7,or
1,1993,13,26,2,not_implies
1,1994,5,9,8,not_or
1,1995,67,79,5,b
1,1996,27,52,11,implied_by
1,1997,13,76,5,b
1,1998,8,76,12,not_a
1,1999,10,23,13,implies
1,2000,2,5,11,implied_by
1,2001,27,75,9,not_xor
1,2002,41,73,15,one
1,2003,6,59,7,or
1,2004,0,69,9,not_xor
1,2005,49,83,2,not_implies
1,2006,2,16,13,implies
1,2007,4,36,11,implied_by
1,2008,31,70,3,a
1,2009,0,40,5,b
1,2010,17,47,3,a
1,2011,32,70,0,zero
1,2012,83,88,2,not_implies
1,2013,41,51,5,b
1,2014,3,35,10,not_b
1,2015,63,84,2,not_implies
1,2016,8,42,0,zero
1,2017,20,52,13,implies
1,2018,48,85,8,not_or
1,2019,18,26,9,not_xor
1,2020,10,29,4,not_implied_by
1,2021,17,18,6,xor
1,2022,6,54,14,not_and
1,2023,58,89,2,not_implies
1,2024,7,36,3,a
1,2025,14,71,2,not_implies
1,2026,19,82,4,not_implied_by
1,2027,19,47,2,not_implies
1,2028,19,57,14,not_and
1,2029,21,54,4,not_implied_by
1,2030,11,88,2,not_implies
1,2031,7,43,11,implied_by
1,2032,22,47,8,not_or
1,2033,34,54,11,implied_by
1,2034,15,33,9,not_xor
1,2035,15,25,13,implies
1,2036,18,29,15,one
1,2037,37,38,5,b
1,2038,56,70,0,zero
1,2039,25,83,0,zero
1,2040,83,87,0,zero
1,2041,10,39,13,implies
1,2042,25,52,9,not_xor
1,2043,53,78,8,not_or
1,2044,22,35,6,xor
1,2045,33,36,5,b
1,2046,44,67,3,a
1,2047,48,63,15,one
1,2048,7,49,0,zero
1,2049,66,68,5,b
1,2050,3,57,6,xor
1,2051,23,75,9,not_xor
1,2052,69,77,9,not_xor
1,2053,1,63,10,not_b
1,2054,8,89,8,not_or
1,2055,18,80,9,not_xor
1,2056,12,26,1,and
1,2057,9,25,14,not_and
1,2058,47,50,2,not_implies
1,2059,1,54,13,implies
1,2060,65,67,13,implies
1,2061,1,60,5,b
1,2062,70,73,15,one
1,2063,36,46,10,not_b
1,2064,45,64,15,one
1,2065,44,51,11,implied_by
1,2066,46,57,5,b
1,2067,0,43,0,zero
1,2068,20,65,11,implied_by
1,2069,50,75,9,not_xor
1,2070,53,70,9,not_xor
1,2071,22,30,9,not_xor
1,2072,7,57,8,not_or
1,2073,57,67,13,implies
1,2074,34,72,2,not_implies
1,2075,44,72,14,not_and
1,2076,43,78,4,not_implied_by
1,2077,0,48,1,and
1,2078,17,39,7,or
1,2079,12,66,8,not_or
1,2080,18,61,7,or
1,2081,35,48,1,and
1,2082,40,45,10,not_b
1,2083,7,56,5,b
1,2084,56,85,14,not_and
1,2085,14,52,12,not_a
1,2086,8,40,11,implied_by
1,2087,71,85,15,one
1,2088,71,84,1,and
1,2089,41,82,3,a
1,2090,17,60,8,not_or
1,2091,82,84,11,implied_by
1,2092,21,44,13,implies
1,2093,77,83,13,implies
1,2094,51,86,13,implies
1,2095,30,86,11,implied_by
1,2096,40,51,8,not_or
1,2097,33,43,1,and
1,2098,10,19,2,not_implies
1,2099,73,77,5,b
1,2100,78,80,11,implied_by
1,2101,65,73,15,one
1,2102,50,51,8,not_or
1,2103,34,45,3,a
1,2104,36,77,4,not_implied_by
1,2105,6,82,7,or
1,2106,36,45,6,xor
1,2107,1,71,14,not_and
1,2108,36,47,2,not_implies
1,2109,2,81,4,not_implied_by
1,2110,71,78,6,xor
1,2111,8,20,8,not_or
1,2112,22,24,5,b
1,2113,16,23,4,not_implied_by
1,2114,29,76,10,not_b
1,2115,67,87,8,not_or
1,2116,16,35,0,zero
1,2117,18,51,8,not_or
1,2118,12,19,13,implies
1,2119,31,77,8,not_or
1,2120,78,87,3,a
1,2121,2,27,11,implied_by
1,2122,2,87,2,not_implies
1,2123,10,70,5,b
1,2124,51,70,6,xor
1,2125,55,68,6,xor
1,2126,9,37,0,zero
1,2127,29,64,6,xor
1,2128,28,46,9,not_xor
1,2129,14,45,10,not_b
1,2130,68,77,3,a
1,2131,56,88,14,not_and
1,2132,41,76,3,a
1,2133,29,43,4,not_implied_by
1,2134,50,70,11,implied_by
1,2135,6,11,13,implies
1,2136,63,86,0,zero
1,2137,43,58,0,zero
1,2138,26,31,5,b
1,2139,12,82,3,a
1,2140,9,18,15,one
1,2141,24,58,5,b
1,2142,23,56,1,and
1,2143,31,33,0,zero
1,2144,23,60,5,b
1,2145,49,61,12,not_a
1,2146,16,63,0,zero
1,2147,38,84,9,not_xor
1,2148,55,79,9,not_xor
1,2149,43,44,8,not_or
1,2150,23,58,10,not_b
1,2151,24,63,9,not_xor
1,2152,36,41,11,implied_by
1,2153,9,48,11,implied_by
1,2154,53,72,3,a
1,2155,0,35,10,not_b
1,2156,6,67,7,or
1,2157,45,77,6,xor
1,2158,13,49,8,not_or
1,2159,34,60,13,implies
1,2160,0,42,1,and
1,2161,44,70,8,not_or
1,2162,12,58,15,one
1,2163,52,59,15,one
1,2164,29,42,6,xor
1,2165,7,66,13,implies
1,2166,3,64,13,implies
1,2167,57,80,15,one
1,2168,20,38,3,a
1,2169,2,30,9,not_xor
1,2170,65,79,14,not_and
1,2171,61,65,13,implies
1,2172,51,54,9,not_xor
1,2173,37,88,9,not_xor
1,2174,73,89,5,b
1,2175,69,72,6,xor
1,2176,20,83,1,and
1,2177,19,33,7,or
1,2178,13,47,1,and
1,2179,19,76,6,xor
1,2180,21,39,12,not_a
1,2181,8,24,1,and
1,2182,16,79,8,not_or
1,2183,5,80,2,not_implies
1,2184,21,61,13,implies
1,2185,29,83,10,not_b
1,2186,39,82,12,not_a
1,2187,63,68,15,one
1,2188,43,87,15,one
1,2189,14,60,12,not_a
1,2190,22,49,7,or
1,2191,34,41,5,b
1,2192,11,24,1,and
1,2193,31,58,4,not_implied_by
1,2194,15,74,13,implies
1,2195,37,76,0,zero
1,2196,13,89,7,or
1,2197,46,87,0,zero
1,2198,0,84,8,not_or
1,2199,82,88,4,not_implied_by
1,2200,36,82,0,zero
1,2201,22,56,9,not_xor
1,2202,2,88,4,not_implied_by
1,2203,19,27,8,not_or
1,2204,68,88,3,a
1,2205,11,50,11,implied_by
1,2206,13,41,7,or
1,2207,38,80,3,a
1,2208,25,76,9,not_xor
1,2209,36,71,13,implies
1,2210,2,71,1,and
1,2211,23,32,1,and
1,2212,13,17,3,a
1,2213,8,21,1,and
1,2214,18,50,6,xor
1,2215,33,60,13,implies
1,2216,44,61,3,a
1,2217,6,42,3,a
1,2218,37,66,0,zero
1,2219,82,87,12,not_a
1,2220,48,82,15,one
1,2221,20,75,5,b
1,2222,10,85,1,and
1,2223,71,75,8,not_or
1,2224,81,82,11,implied_by
1,2225,8,56,3,a
1,2226,2,9,4,not_implied_by
1,2227,62,79,11,implied_by
1,2228,40,42,1,and
1,2229,57,77,4,not_implied_by
1,2230,61,81,2,not_implies
1,2231,66,81,5,b
1,2232,12,88,0,zero
1,2233,50,54,2,not_implies
1,2234,83,89,2,not_implies
1,2235,36,53,11,implied_by
1,2236,68,72,10,not_b
1,2237,53,63,2,not_implies
1,2238,13,15,10,not_b
1,2239,35,41,9,not_xor
1,2240,44,52,5,b
1,2241,80,89,11,implied_by
1,2242,35,47,14,not_and
1,2243,23,54,1,and
1,2244,43,89,2,not_implies
1,2245,57,82,8,not_or
1,2246,65,72,10,not_b
1,2247,45,88,8,not_or
1,2248,4,83,4,not_implied_by
1,2249,61,86,15,one
1,2250,28,78,2,not_implies
1,2251,61,88,8,not_or
1,2252,66,87,4,not_implied_by
1,2253,6,36,9,not_xor
1,2254,0,56,13,implies
1,2255,18,83,11,implied_by
1,2256,17,19,13,implies
1,2257,24,40,6,xor
1,2258,51,89,2,not_implies
1,2259,51,85,14,not_and
1,2260,7,37,3,a
1,2261,0,78,9,not_xor
1,2262,57,62,5,b
1,2263,32,43,5,b
1,2264,5,20,7,or
1,2265,24,65,12,not_a
1,2266,43,80,10,not_b
1,2267,25,48,3,a
1,2268,8,86,0,zero
1,2269,24,77,0,zero
1,2270,30,87,13,implies
1,2271,12,55,6,xor
1,2272,7,22,9,not_xor
1,2273,26,57,14,not_and
1,2274,1,35,6,xor
1,2275,46,76,15,one
1,2276,24,66,3,a
1,2277,43,73,10,not_b
1,2278,9,80,6,xor
1,2279,70,83,15,one
1,2280,55,64,13,implies
1,2281,26,63,12,not_a
1,2282,52,71,4,not_implied_by
1,2283,1,10,3,a
1,2284,19,56,7,or
1,2285,45,75,9,not_xor
1,2286,0,79,10,not_b
1,2287,69,76,8,not_or
1,2288,9,33,1,and
1,2289,52,76,10,not_b
1,2290,19,46,6,xor
1,2291,6,35,5,b
1,2292,45,56,0,zero
1,2293,10,42,6,xor
1,2294,24,38,0,zero
1,2295,8,88,13,implies
1,2296,8,45,15,one
1,2297,46,71,12,not_a
1,2298,8,65,6,xor
1,2299,18,40,12,not_a
1,2300,25,29,0,zero
1,2301,66,82,15,one
1,2302,22,34,11,implied_by
1,2303,39,62,12,not_a
1,2304,2,78,13,implies
1,2305,2,74,13,implies
1,2306,19,86,1,and
1,2307,15,41,9,not_xor
1,2308,2,63,8,not_or
1,2309,11,38,1,and
1,2310,37,87,4,not_implied_by
1,2311,5,64,15,one
1,2312,7,12,11,implied_by
1,2313,26,89,1,and
1,2314,16,19,12,not_a
1,2315,1,19,2,not_implies
1,2316,57,81,6,xor
1,2317,56,64,7,or
1,2318,42,67,11,implied_by
1,2319,51,67,6,xor
1,2320,32,49,4,not_implied_by
1,2321,7,82,6,xor
1,2322,49,68,7,or
1,2323,8,77,14,not_and
1,2324,13,86,6,xor
1,2325,28,57,2,not_implies
1,2326,21,82,11,implied_by
1,2327,9,58,15,one
1,2328,35,56,3,a
1,2329,9,51,7,or
1,2330,61,66,1,and
1,2331,41,83,11,implied_by
1,2332,36,37,15,one
1,2333,0,60,2,not_implies
1,2334,14,72,11,implied_by
1,2335,19,37,9,not_xor
1,2336,3,19,14,not_and
1,2337,29,32,10,not_b
1,2338,19,24,11,implied_by
1,2339,7,76,10,not_b
1,2340,1,86,12,not_a
1,2341,48,49,6,xor
1,2342,69,78,9,not_xor
1,2343,2,61,0,zero
1,2344,15,52,0,zero
1,2345,49,57,0,zero
1,2346,25,53,0,zero
1,2347,10,80,15,one
1,2348,55,76,2,not_implies
1,2349,8,19,8,not_or
1,2350,17,84,0,zero
1,2351,9,40,4,not_implied_by
1,2352,19,53,10,not_b
1,2353,19,89,11,implied_by
1,2354,13,60,11,implied_by
1,2355,14,63,3,a
1,2356,20,79,11,implied_by
1,2357,58,64,4,not_implied_by
1,2358,5,76,2,not_implies
1,2359,11,40,2,not_implies
1,2360,31,54,12,not_a
1,2361,3,74,3,a
1,2362,17,81,3,a
1,2363,46,85,0,zero
1,2364,33,53,9,not_xor
1,2365,62,76,6,xor
1,2366,44,46,0,zero
1,2367,19,49,14,not_and
1,2368,5,15,2,not_implies
1,2369,4,88,5,b
1,2370,17,22,3,a
1,2371,65,78,6,xor
1,2372,9,71,6,xor
1,2373,24,53,15,one
1,2374,43,45,1,and
1,2375,34,48,8,not_or
1,2376,17,89,3,a
1,2377,3,15,15,one
1,2378,30,40,9,not_xor
1,2379,34,68,10,not_b
1,2380,20,26,2,not_implies
1,2381,44,64,3,a
1,2382,7,70,1,and
1,2383,4,57,11,implied_by
1,2384,33,76,4,not_implied_by
1,2385,51,81,8,not_or
1,2386,40,65,5,b
1,2387,2,54,13,implies
1,2388,75,82,5,b
1,2389,0,86,9,not_xor
1,2390,17,40,7,or
1,2391,0,41,5,b
1,2392,14,79,11,implied_by
1,2393,35,50,7,or
1,2394,36,39,10,not_b
1,2395,24,29,9,not_xor
1,2396,61,71,4,not_implied_by
1,2397,38,44,13,implies
1,2398,49,84,10,not_b
1,2399,18,31,12,not_a
1,2400,14,47,7,or
1,2401,2,45,1,and
1,2402,18,54,9,not_xor
1,2403,18,38,9,not_xor
1,2404,10,56,14,not_and
1,2405,2,38,13,implies
1,2406,19,88,15,one
1,2407,27,78,8,not_or
1,2408,41,54,14,not_and
1,2409,0,70,2,not_implies
1,2410,42,68,9,not_xor
1,2411,27,59,6,xor
1,2412,26,43,6,xor
1,2413,1,76,2,not_implies
1,2414,32,72,14,not_and
1,2415,28,53,12,not_a
1,2416,56,77,6,xor
1,2417,48,51,7,or
1,2418,9,70,9,not_xor
1,2419,66,89,5,b
1,2420,50,82,12,not_a
1,2421,53,85,11,implied_by
1,2422,71,77,6,xor
1,2423,46,75,6,xor
1,2424,17,87,10,not_b
1,2425,37,69,2,not_implies
1,2426,20,30,7,or
1,2427,9,46,4,not_implied_by
1,2428,42,54,2,not_implies
1,2429,48,66,3,a
1,2430,57,69,8,not_or
1,2431,6,16,13,implies
1,2432,71,81,13,implies
1,2433,20,45,6,xor
1,2434,59,60,15,one
1,2435,15,70,0,zero
1,2436,30,52,0,zero
1,2437,74,81,3,a
1,2438,44,49,10,not_b
1,2439,57,59,9,not_xor
1,2440,3,39,14,not_and
1,2441,14,18,3,a
1,2442,32,55,15,one
1,2443,13,57,12,not_a
1,2444,17,64,4,not_implied_by
1,2445,19,61,10,not_b
1,2446,15,81,12,not_a
1,2447,6,39,14,not_and
1,2448,79,82,1,and
1,2449,16,78,13,implies
1,2450,49,72,13,implies
1,2451,78,89,11,implied_by
1,2452,17,76,3,a
1,2453,21,75,14,not_and
1,2454,36,64,0,zero
1,2455,6,23,4,not_implied_by
1,2456,31,71,5,b
1,2457,74,87,2,not_implies
1,2458,19,87,8,not_or
1,2459,21,73,4,not_implied_by
1,2460,7,88,15,one
1,2461,48,68,12,not_a
1,2462,11,22,14,not_and
1,2463,14,33,7,or
1,2464,70,89,13,implies
1,2465,43,83,2,not_implies
1,2466,30,38,9,not_xor
1,2467,9,36,14,not_and
1,2468,1,6,6,xor
1,2469,23,25,6,xor
1,2470,64,84,2,not_implies
1,2471,43,53,5,b
1,2472,21,57,10,not_b
1,2473,46,50,11,implied_by
1,2474,43,84,9,not_xor
1,2475,38,47,2,not_implies
1,2476,1,14,15,one
1,2477,35,60,10,not_b
1,2478,24,70,2,not_implies
1,2479,47,88,5,b
1,2480,24,57,0,zero
1,2481,38,52,14,not_and
1,2482,36,87,15,one
1,2483,8,15,11,implied_by
1,2484,51,84,10,not_b
1,2485,13,66,0,zero
1,2486,18,74,1,and
1,2487,0,62,7,or
1,2488,3,73,0,zero
1,2489,26,87,3,a
1,2490,24,79,8,not_or
1,2491,26,41,6,xor
1,2492,23,71,10,not_b
1,2493,10,15,3,a
1,2494,15,46,12,not_a
1,2495,27,63,15,one
1,2496,51,76,2,not_implies
1,2497,17,72,12,not_a
1,2498,17,43,0,zero
1,2499,35,74,5,b
1,2500,6,69,8,not_or
1,2501,15,37,11,implied_by
1,2502,25,82,8,not_or
1,2503,20,39,8,not_or
1,2504,16,57,3,a
1,2505,28,60,10,not_b
1,2506,10,25,1,and
1,2507,5,85,4,not_implied_by
1,2508,15,38,10,not_b
1,2509,39,80,10,not_b
1,2510,32,58,8,not_or
1,2511,14,49,13,implies
1,2512,35,76,9,not_xor
1,2513,30,50,0,zero
1,2514,20,84,4,not_implied_by
1,2515,40,70,11,implied_by
1,2516,61,70,13,implies
1,2517,3,6,9,not_xor
1,2518,47,87,15,one
1,2519,53,69,7,or
1,2520,7,73,14,not_and
1,2521,60,81,7,or
1,2522,47,78,6,xor
1,2523,46,83,3,a
1,2524,16,21,3,a
1,2525,5,38,6,xor
1,2526,38,45,9,not_xor
1,2527,26,67,6,xor
1,2528,62,85,9,not_xor
1,2529,35,65,15,one
1,2530,31,56,11,implied_by
1,2531,35,63,3,a
1,2532,16,58,4,not_implied_by
1,2533,32,87,12,not_a
1,2534,46,59,3,a
1,2535,39,87,12,not_a
1,2536,61,82,1,and
1,2537,0,51,0,zero
1,2538,2,24,1,and
1,2539,32,45,0,zero
1,2540,62,73,5,b
1,2541,17,88,2,not_implies
1,2542,28,31,5,b
1,2543,56,89,9,not_xor
1,2544,44,65,8,not_or
1,2545,15,75,6,xor
1,2546,36,43,7,or
1,2547,26,50,1,and
1,2548,24,62,4,not_implied_by
1,2549,12,85,6,xor
1,2550,24,84,0,zero
1,2551,9,62,11,implied_by
1,2552,1,40,4,not_implied_by
1,2553,12,43,6,xor
1,2554,32,34,11,implied_by
1,2555,14,56,14,not_and
1,2556,12,46,8,not_or
1,2557,3,20,8,not_or
1,2558,18,69,6,xor
1,2559,84,86,7,or
1,2560,18,82,8,not_or
1,2561,38,58,13,implies
1,2562,6,46,14,not_and
1,2563,25,54,11,implied_by
1,2564,21,56,12,not_a
1,2565,3,69,13,implies
1,2566,4,37,8,not_or
1,2567,13,38,9,not_xor
1,2568,10,40,0,zero
1,2569,23,63,2,not_implies
1,2570,11,69,6,xor
1,2571,27,55,3,a
1,2572,22,89,6,xor
1,2573,17,27,0,zero
1,2574,0,16,13,implies
1,2575,50,56,14,not_and
1,2576,48,56,4,not_implied_by
1,2577,10,82,11,implied_by
1,2578,30,54,9,not_xor
1,2579,29,40,5,b
1,2580,35,37,10,not_b
1,2581,52,80,0,zero
1,2582,39,68,0,zero
1,2583,9,56,3,a
1,2584,32,39,10,not_b
1,2585,15,50,11,implied_by
1,2586,34,65,0,zero
1,2587,33,61,3,a
1,2588,17,82,7,or
1,2589,52,87,12,not_a
1,2590,43,60,6,xor
1,2591,13,56,8,not_or
1,2592,1,24,4,not_implied_by
1,2593,18,42,12,not_a
1,2594,10,32,2,not_implies
1,2595,34,77,12,not_a
1,2596,31,81,1,and
1,2597,30,35,4,not_implied_by
1,2598,30,83,4,not_implied_by
1,2599,61,68,8,not_or
1,2600,18,58,7,or
1,2601,6,86,7,or
1,2602,24,56,15,one
1,2603,20,54,0,zero
1,2604,41,88,12,not_a
1,2605,36,63,2,not_implies
1,2606,31,55,4,not_implied_by
1,2607,31,43,8,not_or
1,2608,6,30,10,not_b
1,2609,13,81,9,not_xor
1,2610,10,52,13,implies
1,2611,20,51,14,not_and
1,2612,30,56,1,and
1,2613,27,72,5,b
1,2614,5,22,4,not_implied_by
1,2615,28,48,1,and
1,2616,15,62,14,not_and
1,2617,35,62,9,not_xor
1,2618,14,51,8,not_or
1,2619,1,18,13,implies
1,2620,13,25,8,not_or
1,2621,29,61,10,not_b
1,2622,31,87,2,not_implies
1,2623,20,76,9,not_xor
1,2624,13,48,4,not_implied_by
1,2625,72,88,10,not_b
1,2626,16,71,15,one
1,2627,42,84,5,b
1,2628,26,40,9,not_xor
1,2629,30,80,0,zero
1,2630,15,18,4,not_implied_by
1,2631,35,77,13,implies
1,2632,21,52,2,not_implies
1,2633,4,22,9,not_xor
1,2634,14,44,10,not_b
1,2635,33,65,3,a
1,2636,8,73,8,not_or
1,2637,3,83,12,not_a
1,2638,30,68,0,zero
1,2639,72,80,8,not_or
1,2640,47,86,2,not_implies
1,2641,27,85,11,implied_by
1,2642,13,27,0,zero
1,2643,6,26,15,one
1,2644,41,65,9,not_xor
1,2645,4,59,7,or
1,2646,78,85,2,not_implies
1,2647,67,86,10,not_b
1,2648,59,82,7,or
1,2649,37,74,2,not_implies
1,2650,41,61,1,and
1,2651,48,69,5,b
1,2652,64,75,2,not_implies
1,2653,52,77,9,not_xor
1,2654,5,83,5,b
1,2655,38,49,6,xor
1,2656,6,53,6,xor
1,2657,37,68,4,not_implied_by
1,2658,44,57,4,not_implied_by
1,2659,42,44,9,not_xor
1,2660,5,78,12,not_a
1,2661,27,36,13,implies
1,2662,29,86,0,zero
1,2663,28,35,7,or
1,2664,7,25,13,implies
1,2665,54,77,1,and
1,2666,18,39,11,implied_by
1,2667,54,71,9,not_xor
1,2668,33,40,8,not_or
1,2669,49,80,7,or
1,2670,0,57,11,implied_by
1,2671,1,83,13,implies
1,2672,7,23,8,not_or
1,2673,15,24,12,not_a
1,2674,51,68,15,one
1,2675,62,74,9,not_xor
1,2676,24,74,9,not_xor
1,2677,63,67,2,not_implies
1,2678,1,2,6,xor
1,2679,17,23,8,not_or
1,2680,14,80,1,and
1,2681,36,76,1,and
1,2682,37,70,3,a
1,2683,13,65,13,implies
1,2684,14,64,2,not_implies
1,2685,22,60,14,not_and
1,2686,35,39,9,not_xor
1,2687,67,89,12,not_a
1,2688,15,86,13,implies
1,2689,6,43,7,or
1,2690,79,81,12,not_a
1,2691,2,60,3,a
1,2692,43,50,0,zero
1,2693,7,77,15,one
1,2694,40,63,11,implied_by
1,2695,8,80,8,not_or
1,2696,67,78,12,not_a
1,2697,8,85,8,not_or
1,2698,13,16,11,implied_by
1,2699,0,38,14,not_and
1,2700,51,87,8,not_or
1,2701,81,83,0,zero
1,2702,61,75,2,not_implies
1,2703,34,89,15,one
1,2704,25,35,5,b
1,2705,6,58,3,a
1,2706,14,28,4,not_implied_by
1,2707,4,48,6,xor
1,2708,53,68,3,a
1,2709,39,89,15,one
1,2710,14,38,6,xor
1,2711,1,20,4,not_implied_by
1,2712,28,38,14,not_and
1,2713,70,85,4,not_implied_by
1,2714,74,83,9,not_xor
1,2715,8,46,14,not_and
1,2716,4,86,11,implied_by
1,2717,34,55,1,and
1,2718,36,74,4,not_implied_by
1,2719,19,85,11,implied_by
1,2720,2,22,14,not_and
1,2721,18,81,5,b
1,2722,1,74,13,implies
1,2723,42,52,2,not_implies
1,2724,29,56,4,not_implied_by
1,2725,45,48,6,xor
1,2726,4,16,4,not_implied_by
1,2727,1,77,7,or
1,2728,41,66,1,and
1,2729,0,33,0,zero
1,2730,19,21,9,not_xor
1,2731,5,29,14,not_and
1,2732,14,88,12,not_a
1,2733,0,6,2,not_implies
1,2734,47,73,7,or
1,2735,23,30,3,a
1,2736,5,49,8,not_or
1,2737,9,50,12,not_a
1,2738,25,55,9,not_xor
1,2739,25,41,13,implies
1,2740,55,83,11,implied_by
1,2741,1,11,8,not_or
1,2742,37,60,5,b
1,2743,56,67,9,not_xor
1,2744,0,2,14,not_and
1,2745,17,69,7,or
1,2746,29,66,1,and
1,2747,21,51,10,not_b
1,2748,23,73,7,or
1,2749,16,40,14,not_and
1,2750,64,72,7,or
1,2751,62,64,13,implies
1,2752,4,58,10,not_b
1,2753,7,34,10,not_b
1,2754,3,86,9,not_xor
1,2755,27,31,5,b
1,2756,32,33,12,not_a
1,2757,17,65,0,zero
1,2758,45,52,11,implied_by
1,2759,0,12,11,implied_by
1,2760,3,23,6,xor
1,2761,8,29,13,implies
1,2762,73,78,6,xor
1,2763,23,80,1,and
1,2764,69,84,1,and
1,2765,3,47,9,not_xor
1,2766,67,70,5,b
1,2767,7,61,3,a
1,2768,81,85,12,not_a
1,2769,6,28,4,not_implied_by
1,2770,31,72,6,xor
1,2771,46,88,12,not_a
1,2772,17,50,2,not_implies
1,2773,69,89,2,not_implies
1,2774,19,78,9,not_xor
1,2775,35,46,5,b
1,2776,77,86,4,not_implied_by
1,2777,54,70,13,implies
1,2778,49,67,15,one
1,2779,12,44,12,not_a
1,2780,42,59,1,and
1,2781,36,85,14,not_and
1,2782,15,82,5,b
1,2783,12,52,13,implies
1,2784,20,48,10,not_b
1,2785,28,56,8,not_or
1,2786,6,15,10,not_b
1,2787,52,62,13,implies
1,2788,60,70,10,not_b
1,2789,27,73,0,zero
1,2790,56,79,9,not_xor
1,2791,11,78,1,and
1,2792,16,55,2,not_implies
1,2793,13,64,12,not_a
1,2794,6,64,6,xor
1,2795,57,58,5,b
1,2796,19,35,12,not_a
1,2797,64,80,5,b
1,2798,38,74,8,not_or
1,2799,14,59,15,one
1,2800,47,79,13,implies
1,2801,20,33,14,not_and
1,2802,50,83,10,not_b
1,2803,62,88,2,not_implies
1,2804,8,58,15,one
1,2805,18,25,15,one
1,2806,35,79,12,not_a
1,2807,13,78,9,not_xor
1,2808,17,85,6,xor
1,2809,24,37,5,b
1,2810,25,86,13,implies
1,2811,45,86,11,implied_by
1,2812,5,37,1,and
1,2813,9,72,12,not_a
1,2814,19,73,12,not_a
1,2815,0,72,9,not_xor
1,2816,5,24,2,not_implies
1,2817,40,48,3,a
1,2818,6,18,5,b
1,2819,58,76,11,implied_by
1,2820,17,56,1,and
1,2821,69,87,14,not_and
1,2822,16,61,1,and
1,2823,27,51,15,one
1,2824,10,54,12,not_a
1,2825,30,37,14,not_and
1,2826,48,60,10,not_b
1,2827,54,62,14,not_and
1,2828,28,70,13,implies
1,2829,22,76,0,zero
1,2830,4,74,7,or
1,2831,38,57,8,not_or
1,2832,33,75,1,and
1,2833,23,83,4,not_implied_by
1,2834,0,44,4,not_implied_by
1,2835,18,30,10,not_b
1,2836,60,84,9,not_xor
1,2837,49,70,7,or
1,2838,13,71,13,implies
1,2839,36,51,7,or
1,2840,3,43,14,not_and
1,2841,5,27,15,one
1,2842,49,71,1,and
1,2843,47,49,2,not_implies
1,2844,68,81,6,xor
1,2845,30,61,6,xor
1,2846,0,66,4,not_implied_by
1,2847,0,59,14,not_and
1,2848,20,70,5,b
1,2849,28,84,0,zero
1,2850,27,68,4,not_implied_by
1,2851,22,65,6,xor
1,2852,9,52,12,not_a
1,2853,59,86,9,not_xor
1,2854,45,89,14,not_and
1,2855,18,66,10,not_b
1,2856,25,87,10,not_b
1,2857,0,19,6,xor
1,2858,32,69,9,not_xor
1,2859,14,16,7,or
1,2860,68,87,13,implies
1,2861,24,75,10,not_b
1,2862,7,48,2,not_implies
1,2863,14,74,4,not_implied_by
1,2864,41,57,3,a
1,2865,52,64,2,not_implies
1,2866,24,68,14,not_and
1,2867,34,58,4,not_implied_by
1,2868,21,77,6,xor
1,2869,40,44,6,xor
1,2870,33,88,7,or
1,2871,4,45,9,not_xor
1,2872,0,17,12,not_a
1,2873,56,78,15,one
1,2874,25,26,8,not_or
1,2875,4,60,15,one
1,2876,18,63,11,implied_by
1,2877,21,66,4,not_implied_by
1,2878,5,55,15,one
1,2879,31,53,14,not_and
1,2880,15,56,13,implies
1,2881,24,64,6,xor
1,2882,22,80,12,not_a
1,2883,16,31,11,implied_by
1,2884,22,83,14,not_and
1,2885,14,89,3,a
1,2886,22,87,3,a
1,2887,0,26,9,not_xor
1,2888,20,73,13,implies
1,2889,28,79,9,not_xor
1,2890,24,82,11,implied_by
1,2891,8,22,4,not_implied_by
1,2892,61,63,10,not_b
1,2893,10,78,15,one
1,2894,27,33,0,zero
1,2895,35,42,12,not_a
1,2896,1,78,7,or
1,2897,59,84,13,implies
1,2898,9,17,15,one
1,2899,59,83,9,not_xor
1,2900,14,46,6,xor
1,2901,36,58,12,not_a
1,2902,84,88,6,xor
1,2903,9,47,5,b
1,2904,2,43,14,not_and
1,2905,1,26,1,and
1,2906,5,73,10,not_b
1,2907,21,63,6,xor
1,2908,27,74,1,and
1,2909,24,43,5,b
1,2910,47,71,1,and
1,2911,12,61,12,not_a
1,2912,66,73,0,zero
1,2913,3,79,6,xor
1,2914,54,79,1,and
1,2915,75,87,0,zero
1,2916,29,60,10,not_b
1,2917,9,84,12,not_a
1,2918,34,44,4,not_implied_by
1,2919,50,57,0,zero
1,2920,17,30,2,not_implies
1,2921,15,34,0,zero
1,2922,22,48,2,not_implies
1,2923,20,49,10,not_b
1,2924,39,72,0,zero
1,2925,11,62,12,not_a
1,2926,7,42,5,b
1,2927,1,34,4,not_implied_by
1,2928,17,52,15,one
1,2929,79,89,14,not_and
1,2930,21,80,4,not_implied_by
1,2931,6,33,9,not_xor
1,2932,3,4,14,not_and
1,2933,7,10,2,not_implies
1,2934,60,80,5,b
1,2935,26,75,0,zero
1,2936,29,71,14,not_and
1,2937,7,19,8,not_or
1,2938,28,29,7,or
1,2939,4,80,1,and
1,2940,43,51,9,not_xor
1,2941,7,46,3,a
1,2942,45,66,9,not_xor
1,2943,17,80,3,a
1,2944,7,60,10,not_b
1,2945,62,71,5,b
1,2946,20,78,7,or
1,2947,64,74,5,b
1,2948,7,63,7,or
1,2949,18,78,0,zero
1,2950,72,83,7,or
1,2951,8,14,13,implies
1,2952,34,43,9,not_xor
1,2953,11,18,8,not_or
1,2954,42,50,9,not_xor
1,2955,70,88,5,b
1,2956,4,65,0,zero
1,2957,29,74,6,xor
1,2958,36,65,6,xor
1,2959,19,32,0,zero
1,2960,34,66,0,zero
1,2961,25,71,2,not_implies
1,2962,18,88,10,not_b
1,2963,5,28,15,one
1,2964,75,76,8,not_or
1,2965,7,26,15,one
1,2966,48,59,14,not_and
1,2967,23,53,9,not_xor
1,2968,15,19,3,a
1,2969,19,25,9,not_xor
1,2970,69,79,4,not_implied_by
1,2971,28,82,7,or
1,2972,32,60,14,not_and
1,2973,8,79,6,xor
1,2974,1,3,2,not_implies
1,2975,24,54,8,not_or
1,2976,11,87,1,and
1,2977,34,67,10,not_b
1,2978,54,81,15,one
1,2979,1,50,3,a
1,2980,20,23,10,not_b
1,2981,47,67,13,implies
1,2982,18,71,9,not_xor
1,2983,66,85,7,or
1,2984,74,89,13,implies
1,2985,71,83,9,not_xor
1,2986,40,87,10,not_b
1,2987,32,84,6,xor
1,2988,3,88,3,a
1,2989,4,26,5,b
1,2990,28,45,14,not_and
1,2991,5,26,4,not_implied_by
1,2992,73,76,10,not_b
1,2993,9,27,13,implies
1,2994,12,28,12,not_a
1,2995,10,48,4,not_implied_by
1,2996,9,55,6,xor
1,2997,11,59,12,not_a
1,2998,21,38,12,not_a
1,2999,74,78,14,not_and
1,3000,37,71,9,not_xor
1,3001,47,80,1,and
1,3002,23,72,11,implied_by
1,3003,11,73,11,implied_by
1,3004,12,54,10,not_b
1,3005,0,77,15,one
1,3006,23,59,4,not_implied_by
1,3007,3,14,3,a
1,3008,23,89,15,one
1,3009,26,39,0,zero
1,3010,8,62,8,not_or
1,3011,22,61,8,not_or
1,3012,63,71,1,and
1,3013,57,71,12,not_a
1,3014,35,61,5,b
1,3015,40,47,7,or
1,3016,52,56,0,zero
1,3017,56,71,3,a
1,3018,17,37,3,a
1,3019,2,46,7,or
1,3020,3,54,14,not_and
1,3021,16,41,5,b
1,3022,22,27,9,not_xor
1,3023,17,24,10,not_b
1,3024,0,46,11,implied_by
1,3025,39,76,4,not_implied_by
1,3026,28,65,1,and
1,3027,10,57,11,implied_by
1,3028,4,55,15,one
1,3029,84,85,2,not_implies
1,3030,73,74,3,a
1,3031,13,28,4,not_implied_by
1,3032,39,75,14,not_and
1,3033,38,78,12,not_a
1,3034,1,47,8,not_or
1,3035,24,83,3,a
1,3036,22,52,8,not_or
1,3037,62,87,14,not_and
1,3038,41,64,11,implied_by
1,3039,8,71,12,not_a
1,3040,38,40,11,implied_by
1,3041,16,30,12,not_a
1,3042,50,62,6,xor
1,3043,52,65,0,zero
1,3044,28,36,10,not_b
1,3045,58,87,12,not_a
1,3046,0,9,9,not_xor
1,3047,15,85,3,a
1,3048,17,32,3,a
1,3049,22,85,13,implies
1,3050,47,48,3,a
1,3051,12,27,15,one
1,3052,6,44,14,not_and
1,3053,30,79,7,or
1,3054,62,66,6,xor
1,3055,17,68,15,one
1,3056,26,55,5,b
1,3057,9,49,3,a
1,3058,26,54,0,zero
1,3059,31,41,6,xor
1,3060,49,79,10,not_b
1,3061,42,49,6,xor
1,3062,20,22,9,not_xor
1,3063,13,83,10,not_b
1,3064,24,88,15,one
1,3065,21,53,5,b
1,3066,43,85,4,not_implied_by
1,3067,6,20,14,not_and
1,3068,20,82,15,one
1,3069,43,57,0,zero
1,3070,58,88,7,or
1,3071,30,76,1,and
1,3072,12,81,14,not_and
1,3073,2,64,8,not_or
1,3074,44,59,4,not_implied_by
1,3075,1,38,5,b
1,3076,52,88,9,not_xor
1,3077,16,80,12,not_a
1,3078,47,60,8,not_or
1,3079,9,35,3,a
1,3080,7,15,15,one
1,3081,60,64,6,xor
1,3082,19,42,9,not_xor
1,3083,77,80,9,not_xor
1,3084,34,87,4,not_implied_by
1,3085,53,71,2,not_implies
1,3086,33,42,10,not_b
1,3087,74,84,12,not_a
1,3088,7,53,3,a
1,3089,28,67,10,not_b
1,3090,37,73,13,implies
1,3091,54,80,12,not_a
1,3092,63,76,8,not_or
1,3093,66,84,12,not_a
1,3094,33,71,6,xor
1,3095,74,79,5,b
1,3096,32,51,11,implied_by
1,3097,78,86,11,implied_by
1,3098,0,50,2,not_implies
1,3099,3,75,1,and
1,3100,1,13,0,zero
1,3101,29,51,9,not_xor
1,3102,4,78,6,xor
1,3103,5,51,14,not_and
1,3104,3,40,2,not_implies
1,3105,10,63,7,or
1,3106,64,67,10,not_b
1,3107,25,73,0,zero
1,3108,0,24,2,not_implies
1,3109,75,77,2,not_implies
1,3110,42,76,9,not_xor
1,3111,28,61,12,not_a
1,3112,10,89,13,implies
1,3113,3,11,5,b
1,3114,15,22,9,not_xor
1,3115,45,81,10,not_b
1,3116,44,80,11,implied_by
1,3117,34,62,13,implies
1,3118,71,73,0,zero
1,3119,63,89,5,b
1,3120,7,52,9,not_xor
1,3121,71,82,1,and
1,3122,16,89,1,and
1,3123,37,46,1,and
1,3124,24,39,1,and
1,3125,16,64,10,not_b
1,3126,32,78,5,b
1,3127,80,85,15,one
1,3128,15,17,6,xor
1,3129,40,50,0,zero
1,3130,2,10,9,not_xor
1,3131,38,76,6,xor
1,3132,6,55,11,implied_by
1,3133,4,27,8,not_or
1,3134,72,82,5,b
1,3135,17,20,7,or
1,3136,26,84,10,not_b
1,3137,53,56,14,not_and
1,3138,19,64,9,not_xor
1,3139,38,68,2,not_implies
1,3140,40,43,6,xor
1,3141,57,74,3,a
1,3142,10,62,8,not_or
1,3143,44,62,12,not_a
1,3144,10,73,6,xor
1,3145,7,58,11,implied_by
1,3146,26,86,6,xor
1,3147,41,60,7,or
1,3148,65,76,7,or
1,3149,15,57,8,not_or
1,3150,23,38,14,not_and
1,3151,6,29,6,xor
1,3152,17,53,11,implied_by
1,3153,0,32,13,implies
1,3154,25,33,14,not_and
1,3155,5,25,7,or
1,3156,52,83,1,and
1,3157,50,59,8,not_or
1,3158,64,89,0,zero
1,3159,4,8,1,and
1,3160,21,28,8,not_or
1,3161,16,20,2,not_implies
1,3162,33,78,1,and
1,3163,33,87,0,zero
1,3164,54,60,3,a
1,3165,52,78,12,not_a
1,3166,55,80,13,implies
1,3167,3,78,8,not_or
1,3168,69,88,13,implies
1,3169,58,63,10,not_b
1,3170,2,75,3,a
1,3171,22,46,4,not_implied_by
1,3172,32,71,9,not_xor
1,3173,39,52,4,not_implied_by
1,3174,27,38,4,not_implied_by
1,3175,0,25,13,implies
1,3176,59,74,6,xor
1,3177,1,44,1,and
1,3178,24,89,7,or
1,3179,51,61,1,and
1,3180,15,88,9,not_xor
1,3181,24,50,13,implies
1,3182,25,67,15,one
1,3183,32,59,11,implied_by
1,3184,25,27,11,implied_by
1,3185,58,66,1,and
1,3186,31,69,11,implied_by
1,3187,12,14,15,one
1,3188,22,45,11,implied_by
1,3189,27,39,8,not_or
1,3190,16,84,0,zero
1,3191,76,81,9,not_xor
1,3192,51,82,0,zero
1,3193,32,35,3,a
1,3194,78,84,10,not_b
1,3195,23,29,5,b
1,3196,54,75,1,and
1,3197,38,41,13,implies
1,3198,37,83,14,not_and
1,3199,67,85,4,not_implied_by
1,3200,60,86,7,or
1,3201,14,29,0,zero
1,3202,44,79,7,or
1,3203,8,69,0,zero
1,3204,8,28,4,not_implied_by
1,3205,49,50,15,one
1,3206,27,82,4,not_implied_by
1,3207,14,54,8,not_or
1,3208,45,65,6,xor
1,3209,35,72,10,not_b
1,3210,3,42,13,implies
1,3211,16,76,14,not_and
1,3212,22,70,2,not_implies
1,3213,49,60,14,not_and
1,3214,31,39,9,not_xor
1,3215,19,81,14,not_and
1,3216,43,62,2,not_implies
1,3217,16,85,15,one
1,3218,26,62,12,not_a
1,3219,31,67,8,not_or
1,3220,40,64,0,zero
1,3221,14,82,11,implied_by
1,3222,31,85,12,not_a
1,3223,9,65,4,not_implied_by
1,3224,15,44,9,not_xor
1,3225,40,46,14,not_and
1,3226,60,62,10,not_b
1,3227,26,34,6,xor
1,3228,48,64,2,not_implies
1,3229,86,88,15,one
1,3230,31,84,10,not_b
1,3231,39,47,8,not_or
1,3232,59,85,0,zero
1,3233,58,77,0,zero
1,3234,30,65,7,or
1,3235,2,7,14,not_and
1,3236,10,30,13,implies
1,3237,44,50,6,xor
1,3238,25,47,6,xor
1,3239,6,66,6,xor
1,3240,22,77,9,not_xor
1,3241,16,72,11,implied_by
1,3242,60,78,6,xor
1,3243,11,51,14,not_and
1,3244,8,38,5,b
1,3245,38,82,12,not_a
1,3246,6,56,7,or
1,3247,57,68,9,not_xor
1,3248,51,57,2,not_implies
1,3249,41,74,6,xor
1,3250,30,43,6,xor
1,3251,28,34,1,and
1,3252,56,62,12,not_a
1,3253,37,49,11,implied_by
1,3254,45,67,2,not_implies
1,3255,46,58,3,a
1,3256,42,48,11,implied_by
1,3257,60,68,14,not_and
1,3258,26,48,10,not_b
1,3259,11,76,7,or
1,3260,3,32,9,not_xor
1,3261,25,34,10,not_b
1,3262,24,69,6,xor
1,3263,5,39,4,not_implied_by
1,3264,0,7,6,xor
1,3265,16,48,14,not_and
1,3266,23,42,7,or
1,3267,42,58,4,not_implied_by
1,3268,20,35,1,and
1,3269,12,15,10,not_b
1,3270,8,87,6,xor
1,3271,0,28,1,and
1,3272,31,63,1,and
1,3273,1,7,1,and
1,3274,21,45,9,not_xor
1,3275,4,11,10,not_b
1,3276,17,77,10,not_b
1,3277,38,89,6,xor
1,3278,5,17,11,implied_by
1,3279,39,60,5,b
1,3280,12,86,3,a
1,3281,29,82,14,not_and
1,3282,62,72,5,b
1,3283,9,76,10,not_b
1,3284,29,50,9,not_xor
1,3285,11,43,6,xor
1,3286,9,32,0,zero
1,3287,24,72,15,one
1,3288,68,70,2,not_implies
1,3289,68,86,6,xor
1,3290,38,72,0,zero
1,3291,53,80,7,or
1,3292,22,50,6,xor
1,3293,22,82,0,zero
1,3294,47,53,10,not_b
1,3295,85,86,14,not_and
1,3296,27,48,6,xor
1,3297,29,78,4,not_implied_by
1,3298,23,44,10,not_b
1,3299,16,73,10,not_b
1,3300,57,76,1,and
1,3301,13,88,12,not_a
1,3302,5,71,7,or
1,3303,22,63,4,not_implied_by
1,3304,20,81,14,not_and
1,3305,32,63,4,not_implied_by
1,3306,45,71,15,one
1,3307,32,42,4,not_implied_by
1,3308,76,80,4,not_implied_by
1,3309,24,25,11,implied_by
1,3310,42,87,0,zero
1,3311,2,65,6,xor
1,3312,1,87,13,implies
1,3313,28,71,0,zero
1,3314,60,75,3,a
1,3315,71,89,5,b
1,3316,61,62,14,not_and
1,3317,65,88,15,one
1,3318,70,84,1,and
1,3319,39,77,14,not_and
1,3320,53,87,1,and
1,3321,42,51,15,one
1,3322,44,78,4,not_implied_by
1,3323,15,59,0,zero
1,3324,47,54,4,not_implied_by
1,3325,2,52,5,b
1,3326,53,79,12,not_a
1,3327,12,13,4,not_implied_by
1,3328,5,69,0,zero
1,3329,4,63,0,zero
1,3330,38,79,6,xor
1,3331,18,28,2,not_implies
1,3332,58,59,12,not_a
1,3333,15,51,12,not_a
1,3334,40,83,3,a
1,3335,18,53,12,not_a
1,3336,0,27,14,not_and
1,3337,9,78,10,not_b
1,3338,36,68,8,not_or
1,3339,7,62,2,not_implies
1,3340,81,84,3,a
1,3341,10,55,1,and
1,3342,25,69,2,not_implies
1,3343,1,15,8,not_or
1,3344,0,4,7,or
1,3345,12,42,0,zero
1,3346,40,66,15,one
1,3347,9,44,15,one
1,3348,3,31,5,b
1,3349,27,76,7,or
1,3350,34,84,0,zero
1,3351,5,47,1,and
1,3352,61,73,2,not_implies
1,3353,38,77,14,not_and
1,3354,22,78,4,not_implied_by
1,3355,39,73,10,not_b
1,3356,13,87,10,not_b
1,3357,12,63,3,a
1,3358,35,69,6,xor
1,3359,40,68,11,implied_by
1,3360,67,88,10,not_b
1,3361,12,35,5,b
1,3362,68,79,9,not_xor
1,3363,32,61,1,and
1,3364,28,68,2,not_implies
1,3365,36,48,8,not_or
1,3366,12,74,14,not_and
1,3367,20,77,6,xor
1,3368,21,76,9,not_xor
1,3369,40,72,11,implied_by
1,3370,2,70,5,b
1,3371,52,55,2,not_implies
1,3372,41,45,1,and
1,3373,22,38,1,and
1,3374,46,80,6,xor
1,3375,4,17,14,not_and
1,3376,1,23,0,zero
1,3377,71,80,9,not_xor
1,3378,26,88,5,b
1,3379,21,69,9,not_xor
1,3380,45,80,10,not_b
1,3381,11,13,6,xor
1,3382,21,35,14,not_and
1,3383,33,80,6,xor
1,3384,26,68,6,xor
1,3385,15,23,12,not_a
1,3386,48,72,3,a
1,3387,68,89,6,xor
1,3388,7,35,14,not_and
1,3389,45,76,6,xor
1,3390,25,77,2,not_implies
1,3391,56,72,3,a
1,3392,20,58,10,not_b
1,3393,22,25,9,not_xor
1,3394,4,43,11,implied_by
1,3395,70,86,7,or
1,3396,9,75,6,xor
1,3397,55,69,7,or
1,3398,45,60,0,zero
1,3399,42,45,13,implies
1,3400,27,30,2,not_implies
1,3401,52,75,0,zero
1,3402,41,75,14,not_and
1,3403,46,47,12,not_a
1,3404,32,38,2,not_implies
1,3405,26,65,11,implied_by
1,3406,50,66,8,not_or
1,3407,32,44,6,xor
1,3408,40,55,10,not_b
1,3409,13,40,4,not_implied_by
1,3410,4,20,9,not_xor
1,3411,15,39,6,xor
1,3412,37,62,0,zero
1,3413,38,63,3,a
1,3414,43,69,6,xor
1,3415,7,21,9,not_xor
1,3416,30,41,7,or
1,3417,11,30,9,not_xor
1,3418,63,82,14,not_and
1,3419,25,85,1,and
1,3420,19,34,1,and
1,3421,66,74,1,and
1,3422,26,53,3,a
1,3423,76,82,9,not_xor
1,3424,58,86,12,not_a
1,3425,66,70,9,not_xor
1,3426,9,63,7,or
1,3427,10,51,7,or
1,3428,5,8,10,not_b
1,3429,61,76,6,xor
1,3430,2,17,8,not_or
1,3431,21,30,14,not_and
1,3432,11,72,9,not_xor
1,3433,4,68,14,not_and
1,3434,34,52,13,implies
1,3435,3,55,6,xor
1,3436,26,69,7,or
1,3437,17,55,11,implied_by
1,3438,18,27,5,b
1,3439,15,35,0,zero
1,3440,27,43,4,not_implied_by
1,3441,49,58,12,not_a
1,3442,16,56,10,not_b
1,3443,52,79,15,one
1,3444,20,57,15,one
1,3445,32,57,1,and
1,3446,40,89,2,not_implies
1,3447,20,40,0,zero
1,3448,10,71,7,or
1,3449,38,81,2,not_implies
1,3450,22,73,1,and
1,3451,22,33,12,not_a
1,3452,13,61,1,and
1,3453,26,82,10,not_b
1,3454,70,79,5,b
1,3455,47,69,11,implied_by
1,3456,33,51,6,xor
1,3457,6,45,9,not_xor
1,3458,23,39,10,not_b
1,3459,24,26,5,b
1,3460,31,78,1,and
1,3461,20,72,11,implied_by
1,3462,37,43,7,or
1,3463,40,53,1,and
1,3464,26,77,12,not_a
1,3465,35,81,7,or
1,3466,27,35,9,not_xor
1,3467,6,12,11,implied_by
1,3468,49,88,13,implies
1,3469,73,85,0,zero
1,3470,46,61,5,b
1,3471,13,79,0,zero
1,3472,14,57,1,and
1,3473,48,89,13,implies
1,3474,27,41,7,or
1,3475,42,53,5,b
1,3476,7,14,5,b
1,3477,41,78,9,not_xor
1,3478,16,87,0,zero
1,3479,21,23,6,xor
1,3480,23,57,0,zero
1,3481,37,72,6,xor
1,3482,14,21,15,one
1,3483,79,83,1,and
1,3484,2,23,14,not_and
1,3485,13,54,13,implies
1,3486,53,66,1,and
1,3487,33,64,6,xor
1,3488,52,74,0,zero
1,3489,36,61,9,not_xor
1,3490,23,68,13,implies
1,3491,54,73,2,not_implies
1,3492,4,84,12,not_a
1,3493,25,51,14,not_and
1,3494,43,76,14,not_and
1,3495,13,33,5,b
1,3496,12,78,2,not_implies
1,3497,18,73,12,not_a
1,3498,15,29,7,or
1,3499,34,85,1,and
1,3500,7,32,7,or
1,3501,22,51,6,xor
1,3502,23,67,1,and
1,3503,12,41,14,not_and
1,3504,2,41,15,one
1,3505,27,53,9,not_xor
1,3506,24,27,10,not_b
1,3507,8,44,5,b
1,3508,30,89,15,one
1,3509,27,56,9,not_xor
1,3510,46,68,15,one
1,3511,5,70,2,not_implies
1,3512,24,31,2,not_implies
1,3513,13,36,9,not_xor
1,3514,9,42,12,not_a
1,3515,19,31,13,implies
1,3516,50,58,2,not_implies
1,3517,12,20,5,b
1,3518,37,65,12,not_a
1,3519,36,55,14,not_and
1,3520,32,86,13,implies
1,3521,21,50,11,implied_by
1,3522,6,10,4,not_implied_by
1,3523,1,27,8,not_or
1,3524,67,80,5,b
1,3525,37,64,2,not_implies
1,3526,21,24,0,zero
1,3527,39,83,6,xor
1,3528,70,81,11,implied_by
1,3529,19,28,13,implies
1,3530,45,83,4,not_implied_by
1,3531,77,79,3,a
1,3532,10,28,8,not_or
1,3533,35,82,1,and
1,3534,18,85,9,not_xor
1,3535,48,61,9,not_xor
1,3536,73,81,4,not_implied_by
1,3537,8,17,1,and
1,3538,5,60,8,not_or
1,3539,15,77,12,not_a
1,3540,25,36,7,or
1,3541,4,49,3,a
1,3542,48,52,4,not_implied_by
1,3543,6,49,11,implied_by
1,3544,51,72,14,not_and
1,3545,54,82,7,or
1,3546,15,68,2,not_implies
1,3547,7,24,7,or
1,3548,6,31,8,not_or
1,3549,65,75,12,not_a
1,3550,60,74,6,xor
1,3551,77,82,9,not_xor
1,3552,11,33,1,and
1,3553,35,89,2,not_implies
1,3554,78,82,10,not_b
1,3555,58,85,5,b
1,3556,8,54,15,one
1,3557,41,77,2,not_implies
1,3558,50,71,9,not_xor
1,3559,3,22,12,not_a
1,3560,30,85,9,not_xor
1,3561,30,71,8,not_or
1,3562,53,89,8,not_or
1,3563,42,81,9,not_xor
1,3564,28,66,4,not_implied_by
1,3565,3,71,10,not_b
1,3566,73,86,2,not_implies
1,3567,9,23,1,and
1,3568,67,83,3,a
1,3569,31,83,12,not_a
1,3570,47,76,15,one
1,3571,30,67,4,not_implied_by
1,3572,39,56,8,not_or
1,3573,1,45,11,implied_by
1,3574,27,45,9,not_xor
1,3575,53,73,8,not_or
1,3576,4,54,9,not_xor
1,3577,69,85,7,or
1,3578,68,85,12,not_a
1,3579,33,79,14,not_and
1,3580,13,21,11,implied_by
1,3581,64,83,3,a
1,3582,47,64,3,a
1,3583,22,40,1,and
1,3584,19,72,1,and
1,3585,50,78,9,not_xor
1,3586,15,54,10,not_b
1,3587,17,59,0,zero
1,3588,39,41,12,not_a
1,3589,12,21,10,not_b
1,3590,2,42,8,not_or
1,3591,55,88,6,xor
1,3592,11,65,15,one
1,3593,16,75,6,xor
1,3594,21,62,4,not_implied_by
1,3595,15,32,14,not_and
1,3596,16,88,4,not_implied_by
1,3597,4,53,8,not_or
1,3598,63,64,7,or
1,3599,13,14,10,not_b
1,3600,1,32,15,one
1,3601,1,43,14,not_and
1,3602,19,68,12,not_a
1,3603,64,82,6,xor
1,3604,2,13,6,xor
1,3605,11,26,9,not_xor
1,3606,46,84,9,not_xor
1,3607,59,70,6,xor
1,3608,5,82,13,implies
1,3609,4,24,5,b
1,3610,35,64,0,zero
1,3611,13,18,5,b
1,3612,20,46,3,a
1,3613,44,60,4,not_implied_by
1,3614,38,48,6,xor
1,3615,39,81,13,implies
1,3616,18,47,10,not_b
1,3617,12,16,14,not_and
1,3618,6,50,5,b
1,3619,31,52,13,implies
1,3620,11,15,14,not_and
1,3621,22,28,13,implies
1,3622,11,70,10,not_b
1,3623,17,35,3,a
1,3624,64,85,0,zero
1,3625,5,16,10,not_b
1,3626,29,54,15,one
1,3627,53,62,4,not_implied_by
1,3628,38,60,2,not_implies
1,3629,23,86,3,a
1,3630,8,81,6,xor
1,3631,65,87,14,not_and
1,3632,22,37,13,implies
1,3633,6,77,12,not_a
1,3634,47,68,3,a
1,3635,58,80,4,not_implied_by
1,3636,2,14,1,and
1,3637,19,26,4,not_implied_by
1,3638,8,68,6,xor
1,3639,40,84,1,and
1,3640,26,58,2,not_implies
1,3641,27,54,1,and
1,3642,12,75,5,b
1,3643,47,65,11,implied_by
1,3644,36,86,15,one
1,3645,8,41,4,not_implied_by
1,3646,73,84,8,not_or
1,3647,23,27,5,b
1,3648,63,85,3,a
1,3649,18,43,6,xor
1,3650,13,37,5,b
1,3651,52,85,5,b
1,3652,30,49,12,not_a
1,3653,80,84,12,not_a
1,3654,5,68,0,zero
1,3655,10,41,14,not_and
1,3656,35,67,12,not_a
1,3657,13,62,13,implies
1,3658,3,59,14,not_and
1,3659,21,31,12,not_a
1,3660,35,57,9,not_xor
1,3661,56,63,15,one
1,3662,3,13,1,and
1,3663,6,14,15,one
1,3664,8,49,1,and
1,3665,2,49,13,implies
1,3666,32,85,4,not_implied_by
1,3667,55,57,2,not_implies
1,3668,55,62,7,or
1,3669,32,74,6,xor
1,3670,49,65,12,not_a
1,3671,30,39,11,implied_by
1,3672,30,34,2,not_implies
1,3673,78,88,11,implied_by
1,3674,4,5,0,zero
1,3675,18,35,2,not_implies
1,3676,52,67,8,not_or
1,3677,28,63,0,zero
1,3678,28,42,1,and
1,3679,15,60,10,not_b
1,3680,46,79,1,and
1,3681,17,86,3,a
1,3682,14,81,7,or
1,3683,10,66,0,zero
1,3684,26,71,4,not_implied_by
1,3685,20,32,11,implied_by
1,3686,68,84,15,one
1,3687,19,70,8,not_or
1,3688,1,33,3,a
1,3689,17,41,3,a
1,3690,56,58,9,not_xor
1,3691,29,58,7,or
1,3692,0,85,6,xor
1,3693,68,80,4,not_implied_by
1,3694,36,89,0,zero
1,3695,43,71,9,not_xor
1,3696,1,22,11,implied_by
1,3697,31,45,1,and
1,3698,6,70,4,not_implied_by
1,3699,57,75,13,implies
1,3700,4,30,5,b
1,3701,21,40,8,not_or
1,3702,11,12,4,not_implied_by
1,3703,18,52,7,or
1,3704,68,74,8,not_or
1,3705,2,82,4,not_implied_by
1,3706,38,65,10,not_b
1,3707,5,87,1,and
1,3708,16,32,3,a
1,3709,68,71,6,xor
1,3710,0,65,6,xor
1,3711,7,33,10,not_b
1,3712,55,82,0,zero
1,3713,18,70,11,implied_by
1,3714,5,63,14,not_and
1,3715,6,40,4,not_implied_by
1,3716,40,75,9,not_xor
1,3717,18,41,6,xor
1,3718,18,60,8,not_or
1,3719,18,56,13,implies
1,3720,15,28,11,implied_by
1,3721,79,80,10,not_b
1,3722,75,79,2,not_implies
1,3723,19,59,1,and
1,3724,25,80,13,implies
1,3725,5,62,4,not_implied_by
1,3726,37,41,6,xor
1,3727,7,68,6,xor
1,3728,54,84,12,not_a
1,3729,32,68,3,a
1,3730,8,13,15,one
1,3731,78,79,5,b
1,3732,52,63,8,not_or
1,3733,32,36,0,zero
1,3734,6,89,7,or
1,3735,77,78,2,not_implies
1,3736,4,51,9,not_xor
1,3737,46,63,14,not_and
1,3738,30,64,14,not_and
1,3739,1,48,6,xor
1,3740,9,61,12,not_a
1,3741,43,86,6,xor
1,3742,40,69,1,and
1,3743,15,43,1,and
1,3744,57,61,7,or
1,3745,1,31,14,not_and
1,3746,39,49,15,one
1,3747,19,75,8,not_or
1,3748,42,80,9,not_xor
1,3749,85,87,5,b
1,3750,8,60,7,or
1,3751,10,16,15,one
1,3752,8,82,14,not_and
1,3753,11,83,4,not_implied_by
1,3754,6,63,11,implied_by
1,3755,21,79,0,zero
1,3756,22,64,15,one
1,3757,62,82,15,one
1,3758,49,53,8,not_or
1,3759,45,82,14,not_and
1,3760,2,19,9,not_xor
1,3761,13,31,12,not_a
1,3762,40,52,3,a
1,3763,22,71,9,not_xor
1,3764,35,87,0,zero
1,3765,12,71,9,not_xor
1,3766,34,79,0,zero
1,3767,38,55,7,or
1,3768,27,57,6,xor
1,3769,43,88,10,not_b
1,3770,45,47,7,or
1,3771,53,76,4,not_implied_by
1,3772,56,69,1,and
1,3773,43,72,14,not_and
1,3774,3,21,14,not_and
1,3775,26,46,7,or
1,3776,39,85,15,one
1,3777,1,68,15,one
1,3778,28,69,8,not_or
1,3779,52,58,6,xor
1,3780,71,86,4,not_implied_by
1,3781,22,41,6,xor
1,3782,65,85,8,not_or
1,3783,6,85,2,not_implies
1,3784,4,29,0,zero
1,3785,29,35,5,b
1,3786,41,59,11,implied_by
1,3787,25,70,6,xor
1,3788,8,50,3,a
1,3789,25,84,12,not_a
1,3790,60,87,14,not_and
1,3791,6,57,14,not_and
1,3792,61,85,2,not_implies
1,3793,22,58,7,or
1,3794,31,57,4,not_implied_by
1,3795,47,52,2,not_implies
1,3796,75,84,4,not_implied_by
1,3797,46,62,15,one
1,3798,23,49,1,and
1,3799,0,14,12,not_a
1,3800,24,47,6,xor
1,3801,22,59,3,a
1,3802,14,78,9,not_xor
1,3803,57,79,3,a
1,3804,17,31,15,one
1,3805,1,59,4,not_implied_by
1,3806,25,40,5,b
1,3807,10,69,3,a
1,3808,8,72,7,or
1,3809,63,73,3,a
1,3810,14,67,9,not_xor
1,3811,7,83,13,implies
1,3812,5,58,10,not_b
1,3813,58,70,11,implied_by
1,3814,57,63,11,implied_by
1,3815,47,89,11,implied_by
1,3816,50,89,10,not_b
1,3817,31,44,12,not_a
1,3818,33,59,13,implies
1,3819,1,28,2,not_implies
1,3820,2,4,14,not_and
1,3821,7,72,13,implies
1,3822,9,39,2,not_implies
1,3823,36,54,13,implies
1,3824,5,46,13,implies
1,3825,21,60,12,not_a
1,3826,19,40,14,not_and
1,3827,46,64,12,not_a
1,3828,37,55,10,not_b
1,3829,23,84,13,implies
1,3830,15,16,13,implies
1,3831,0,29,5,b
1,3832,15,83,4,not_implied_by
1,3833,0,1,3,a
1,3834,58,60,10,not_b
1,3835,9,81,2,not_implies
1,3836,47,84,14,not_and
1,3837,3,67,4,not_implied_by
1,3838,16,17,9,not_xor
1,3839,56,76,11,implied_by
1,3840,11,61,3,a
1,3841,51,64,15,one
1,3842,11,27,1,and
1,3843,67,82,8,not_or
1,3844,19,54,5,b
1,3845,60,82,9,not_xor
1,3846,54,88,12,not_a
1,3847,3,33,1,and
1,3848,58,67,10,not_b
1,3849,22,88,8,not_or
1,3850,24,46,15,one
1,3851,1,21,10,not_b
1,3852,8,66,8,not_or
1,3853,33,50,3,a
1,3854,21,70,5,b
1,3855,39,59,6,xor
1,3856,23,55,3,a
1,3857,15,40,3,a
1,3858,14,70,4,not_implied_by
1,3859,49,55,11,implied_by
1,3860,7,78,15,one
1,3861,2,84,7,or
1,3862,7,28,0,zero
1,3863,62,80,11,implied_by
1,3864,17,34,2,not_implies
1,3865,13,45,10,not_b
1,3866,14,41,7,or
1,3867,52,60,5,b
1,3868,5,53,12,not_a
1,3869,16,70,1,and
1,3870,7,29,4,not_implied_by
1,3871,24,76,13,implies
1,3872,55,71,10,not_b
1,3873,7,45,2,not_implies
1,3874,2,69,2,not_implies
1,3875,65,81,14,not_and
1,3876,12,48,2,not_implies
1,3877,24,30,3,a
1,3878,42,56,11,implied_by
1,3879,4,15,13,implies
1,3880,32,37,15,one
1,3881,40,81,13,implies
1,3882,83,85,9,not_xor
1,3883,37,40,13,implies
1,3884,16,44,15,one
1,3885,31,48,4,not_implied_by
1,3886,56,74,14,not_and
1,3887,8,57,13,implies
1,3888,0,64,4,not_implied_by
1,3889,36,72,1,and
1,3890,9,38,6,xor
1,3891,18,64,12,not_a
1,3892,41,63,5,b
1,3893,22,53,0,zero
1,3894,20,86,5,b
1,3895,39,57,12,not_a
1,3896,52,86,3,a
1,3897,25,38,5,b
1,3898,29,57,14,not_and
1,3899,56,65,5,b
1,3900,16,59,1,and
1,3901,55,77,1,and
1,3902,2,62,11,implied_by
1,3903,44,47,7,or
1,3904,48,57,11,implied_by
1,3905,13,43,4,not_implied_by
1,3906,4,87,11,implied_by
1,3907,41,81,2,not_implies
1,3908,82,86,3,a
1,3909,35,55,1,and
1,3910,3,44,15,one
1,3911,38,42,15,one
1,3912,66,77,12,not_a
1,3913,10,75,9,not_xor
1,3914,1,85,11,implied_by
1,3915,8,75,2,not_implies
1,3916,25,66,2,not_implies
1,3917,29,31,1,and
1,3918,22,86,14,not_and
1,3919,12,47,8,not_or
1,3920,76,88,8,not_or
1,3921,28,50,13,implies
1,3922,51,52,10,not_b
1,3923,17,66,15,one
1,3924,29,69,9,not_xor
1,3925,31,76,1,and
1,3926,21,41,13,implies
1,3927,4,7,5,b
1,3928,30,55,3,a
1,3929,9,10,5,b
1,3930,50,72,5,b
1,3931,30,70,10,not_b
1,3932,67,76,15,one
1,3933,21,83,12,not_a
1,3934,35,43,9,not_xor
1,3935,34,61,4,not_implied_by
1,3936,12,56,8,not_or
1,3937,78,81,14,not_and
1,3938,34,51,7,or
1,3939,8,27,0,zero
1,3940,24,33,5,b
1,3941,50,63,12,not_a
1,3942,32,65,0,zero
1,3943,9,82,13,implies
1,3944,1,58,10,not_b
1,3945,14,30,12,not_a
1,3946,15,31,12,not_a
1,3947,63,79,11,implied_by
1,3948,0,11,7,or
1,3949,11,81,14,not_and
1,3950,65,77,3,a
1,3951,18,62,6,xor
1,3952,33,34,13,implies
1,3953,9,31,7,or
1,3954,47,63,14,not_and
1,3955,1,80,14,not_and
1,3956,45,51,5,b
1,3957,16,81,2,not_implies
1,3958,69,73,13,implies
1,3959,28,55,11,implied_by
1,3960,42,66,6,xor
1,3961,62,69,9,not_xor
1,3962,1,82,7,or
1,3963,41,68,12,not_a
1,3964,33,86,3,a
1,3965,41,79,6,xor
1,3966,8,33,13,implies
1,3967,17,63,13,implies
1,3968,4,18,6,xor
1,3969,0,52,14,not_and
1,3970,56,86,14,not_and
1,3971,19,80,12,not_a
1,3972,61,80,9,not_xor
1,3973,2,47,3,a
1,3974,15,36,8,not_or
1,3975,58,72,3,a
1,3976,5,12,9,not_xor
1,3977,6,48,9,not_xor
1,3978,30,88,2,not_implies
1,3979,1,42,14,not_and
1,3980,46,70,0,zero
1,3981,0,82,10,not_b
1,3982,32,81,8,not_or
1,3983,42,78,5,b
1,3984,0,5,10,not_b
1,3985,24,45,9,not_xor
1,3986,53,83,13,implies
1,3987,25,46,10,not_b
1,3988,7,75,2,not_implies
1,3989,51,60,10,not_b
1,3990,60,88,4,not_implied_by
1,3991,28,85,2,not_implies
1,3992,34,86,4,not_implied_by
1,3993,50,67,5,b
1,3994,5,86,6,xor
1,3995,5,40,9,not_xor
1,3996,39,70,5,b
1,3997,29,30,5,b
1,3998,45,53,2,not_implies
1,3999,34,47,12,not_a
